Division,Line,Station Name,Station Latitude,Station Longitude,Route1,Route2,Route3,Route4,Route5,Route6,Route7,Route8,Route9,Route10,Route11,Entrance Type,Entry,Exit Only,Vending,Staffing,Staff Hours,ADA,ADA Notes,Free Crossover,North South Street,East West Street,Corner,Entrance Latitude,Entrance Longitude,Station Location,Entrance Location
BMT,4 Avenue,25th St,40.660397,-73.998091,R,,,,,,,,,,,Stair,YES,,YES,NONE,,False,,False,4th Ave,25th St,SW,40.660489,-73.99822,"{'longitude': '-73.998091', 'latitude': '40.660397'}","{'longitude': '-73.99822', 'latitude': '40.660489'}"
BMT,4 Avenue,36th St,40.655144,-74.003549,N,R,,,,,,,,,,Stair,YES,,YES,FULL,,False,,True,4th Ave,36th St,NW,40.654676,-74.004306,"{'longitude': '-74.003549', 'latitude': '40.655144'}","{'longitude': '-74.004306', 'latitude': '40.654676'}"
BMT,4 Avenue,45th St,40.648939,-74.010006,R,,,,,,,,,,,Stair,YES,,YES,FULL,,False,,True,4th Ave,45th St,NE,40.649389,-74.009333,"{'longitude': '-74.010006', 'latitude': '40.648939'}","{'longitude': '-74.009333', 'latitude': '40.649389'}"
BMT,4 Avenue,53rd St,40.645069,-74.014034,R,,,,,,,,,,,Stair,YES,,YES,FULL,,False,,True,4th Ave,53rd St,SW,40.644756,-74.014586,"{'longitude': '-74.014034', 'latitude': '40.645069'}","{'longitude': '-74.014586', 'latitude': '40.644756'}"
BMT,4 Avenue,59th St,40.641362,-74.017881,N,R,,,,,,,,,,Stair,YES,,YES,FULL,,False,,True,4th Ave,59th St,NW,40.641606,-74.017897,"{'longitude': '-74.017881', 'latitude': '40.641362'}","{'longitude': '-74.017897', 'latitude': '40.641606'}"
BMT,4 Avenue,77th St,40.629742,-74.02551,R,,,,,,,,,,,Stair,YES,,YES,FULL,,False,,True,4th Ave,77th St,NW,40.62955,-74.025731,"{'longitude': '-74.02551', 'latitude': '40.629742'}","{'longitude': '-74.025731', 'latitude': '40.62955'}"
BMT,4 Avenue,86th St,40.622687,-74.028398,R,,,,,,,,,,,Stair,YES,,YES,FULL,,False,,True,4th Ave,86th St,SE,40.622583,-74.028315,"{'longitude': '-74.028398', 'latitude': '40.622687'}","{'longitude': '-74.028315', 'latitude': '40.622583'}"
BMT,4 Avenue,95th St,40.616622,-74.030876,R,,,,,,,,,,,Stair,YES,,YES,FULL,,False,,True,4th Ave,95th St,SW,40.616021,-74.031383,"{'longitude': '-74.030876', 'latitude': '40.616622'}","{'longitude': '-74.031383', 'latitude': '40.616021'}"
BMT,4 Avenue,9th St,40.670847,-73.988302,F,G,R,,,,,,,,,Stair,YES,,YES,FULL,,False,,True,4th Ave,9th St,NE,40.670387,-73.98848,"{'longitude': '-73.988302', 'latitude': '40.670847'}","{'longitude': '-73.98848', 'latitude': '40.670387'}"
BMT,4 Avenue,Atlantic Av-Barclays Ctr,40.683666,-73.97881,B,Q,D,N,R,2,3,4.0,5.0,,,Elevator,YES,,YES,FULL,,True,,True,4th Ave,Pacific St,NE,40.683805,-73.978487,"{'longitude': '-73.97881', 'latitude': '40.683666'}","{'longitude': '-73.978487', 'latitude': '40.683805'}"
BMT,4 Avenue,Bay Ridge Av,40.634967,-74.023377,R,,,,,,,,,,,Stair,YES,,YES,FULL,,False,,True,4th Ave,Bay Ridge Ave,NW,40.634827,-74.02358,"{'longitude': '-74.023377', 'latitude': '40.634967'}","{'longitude': '-74.02358', 'latitude': '40.634827'}"
BMT,4 Avenue,DeKalb Av,40.690635,-73.981824,B,Q,R,,,,,,,,,Elevator,YES,,YES,FULL,,True,,True,Flatbush Ave,De Kalb Ave,SE,40.689804,-73.981164,"{'longitude': '-73.981824', 'latitude': '40.690635'}","{'longitude': '-73.981164', 'latitude': '40.689804'}"
BMT,4 Avenue,Pacific St,40.683666,-73.97881,B,Q,D,N,R,2,3,4.0,5.0,,,Stair,YES,,YES,FULL,,True,,True,4th Ave,Pacific St,NW,40.683905,-73.978879,"{'longitude': '-73.97881', 'latitude': '40.683666'}","{'longitude': '-73.978879', 'latitude': '40.683905'}"
BMT,4 Avenue,Prospect Av,40.665414,-73.992872,R,,,,,,,,,,,Stair,YES,,YES,FULL,,False,,False,4th Ave,Prospect Ave,NE,40.665299,-73.992729,"{'longitude': '-73.992872', 'latitude': '40.665414'}","{'longitude': '-73.992729', 'latitude': '40.665299'}"
BMT,4 Avenue,Union St,40.677316,-73.98311,R,,,,,,,,,,,Stair,YES,,YES,FULL,,False,,False,4th Ave,Union St,SE,40.677171,-73.98302,"{'longitude': '-73.98311', 'latitude': '40.677316'}","{'longitude': '-73.98302', 'latitude': '40.677171'}"
BMT,Astoria,30 Av-Grand Av,40.766779,-73.921479,N,Q,,,,,,,,,,Stair,YES,,YES,FULL,,False,,True,31st St,30th Ave,SE,40.7667,-73.921406,"{'longitude': '-73.921479', 'latitude': '40.766779'}","{'longitude': '-73.921406', 'latitude': '40.7667'}"
BMT,Astoria,36 Av-Washington Av,40.756804,-73.929575,N,Q,,,,,,,,,,Stair,YES,,YES,FULL,,False,,True,31st St,36th Ave,SE,40.756379,-73.929766,"{'longitude': '-73.929575', 'latitude': '40.756804'}","{'longitude': '-73.929766', 'latitude': '40.756379'}"
BMT,Astoria,39 Av-Beebe Av,40.752882,-73.932755,N,Q,,,,,,,,,,Stair,YES,,YES,FULL,,False,,True,31st St,39th Ave,SE,40.752491,-73.932936,"{'longitude': '-73.932755', 'latitude': '40.752882'}","{'longitude': '-73.932936', 'latitude': '40.752491'}"
BMT,Astoria,Astoria Blvd-Hoyt Av,40.770258,-73.917843,N,Q,,,,,,,,,,Stair,YES,,YES,FULL,,False,,True,31st St,Hoyt Ave South,SE,40.77017,-73.917755,"{'longitude': '-73.917843', 'latitude': '40.770258'}","{'longitude': '-73.917755', 'latitude': '40.77017'}"
BMT,Astoria,Broadway,40.76182,-73.925508,N,Q,,,,,,,,,,Stair,YES,,YES,FULL,,False,,True,31st St,Broadway,NW,40.762217,-73.925349,"{'longitude': '-73.925508', 'latitude': '40.76182'}","{'longitude': '-73.925349', 'latitude': '40.762217'}"
BMT,Astoria,Ditmars Blvd,40.775036,-73.912034,N,Q,,,,,,,,,,Stair,YES,,YES,FULL,,False,,True,31st St,23rd Ave,NW,40.774938,-73.912337,"{'longitude': '-73.912034', 'latitude': '40.775036'}","{'longitude': '-73.912337', 'latitude': '40.774938'}"
BMT,Brighton,7th Av,40.67705,-73.972367,B,Q,,,,,,,,,,Stair,YES,,YES,FULL,,False,,True,Carlton Ave,Park Pl,SE,40.677324,-73.972212,"{'longitude': '-73.972367', 'latitude': '40.67705'}","{'longitude': '-73.972212', 'latitude': '40.677324'}"
BMT,Brighton,Atlantic Av,40.68446,-73.97689,B,Q,D,N,R,2,3,4.0,5.0,,,Easement,YES,,YES,NONE,,True,,True,Ashland Pl,Hanson Pl,NE,40.685222,-73.977628,"{'longitude': '-73.97689', 'latitude': '40.68446'}","{'longitude': '-73.977628', 'latitude': '40.685222'}"
BMT,Brighton,Av H,40.62927,-73.961639,B,Q,,,,,,,,,,Door,YES,,YES,FULL,,False,,True,16th St,Avenue H,SW,40.62993,-73.961477,"{'longitude': '-73.961639', 'latitude': '40.62927'}","{'longitude': '-73.961477', 'latitude': '40.62993'}"
BMT,Brighton,Av J,40.625039,-73.960803,B,Q,,,,,,,,,,Stair,YES,,NO,NONE,,False,,True,15th St,Avenue J,NE,40.625307,-73.960969,"{'longitude': '-73.960803', 'latitude': '40.625039'}","{'longitude': '-73.960969', 'latitude': '40.625307'}"
BMT,Brighton,Av M,40.617618,-73.959399,B,Q,,,,,,,,,,Door,YES,,YES,FULL,,False,,True,15th St,Avenue M,SE,40.617928,-73.959454,"{'longitude': '-73.959399', 'latitude': '40.617618'}","{'longitude': '-73.959454', 'latitude': '40.617928'}"
BMT,Brighton,Av U,40.5993,-73.955929,B,Q,,,,,,,,,,Door,YES,,YES,FULL,,False,,True,15th St,Avenue U,SE,40.598991,-73.955828,"{'longitude': '-73.955929', 'latitude': '40.5993'}","{'longitude': '-73.955828', 'latitude': '40.598991'}"
BMT,Brighton,Beverly Rd,40.644031,-73.964492,B,Q,,,,,,,,,,Door,YES,,YES,FULL,,False,,True,Marlborough Rd,Beverly Rd,SE,40.644272,-73.964528,"{'longitude': '-73.964492', 'latitude': '40.644031'}","{'longitude': '-73.964528', 'latitude': '40.644272'}"
BMT,Brighton,Brighton Beach,40.577621,-73.961376,B,Q,,,,,,,,,,Stair,YES,,YES,NONE,,False,,True,Branch 6 St,Brighton Beach Rd,NW,40.577618,-73.961994,"{'longitude': '-73.961376', 'latitude': '40.577621'}","{'longitude': '-73.961994', 'latitude': '40.577618'}"
BMT,Brighton,Church Av,40.650527,-73.962982,B,Q,,,,,,,,,,Door,YES,,YES,FULL,,False,,True,18th St,Church Ave,NW,40.649427,-73.963356,"{'longitude': '-73.962982', 'latitude': '40.650527'}","{'longitude': '-73.963356', 'latitude': '40.649427'}"
BMT,Brighton,Cortelyou Rd,40.640927,-73.963891,B,Q,,,,,,,,,,Door,YES,,YES,FULL,,False,,True,Marlborough Rd,Cortelyou Rd,SE,40.641314,-73.963996,"{'longitude': '-73.963891', 'latitude': '40.640927'}","{'longitude': '-73.963996', 'latitude': '40.641314'}"
BMT,Brighton,Kings Highway,40.60867,-73.957734,B,Q,,,,,,,,,,Door,YES,,YES,NONE,,False,,True,15th St,Kings Hwy,NE,40.609062,-73.957808,"{'longitude': '-73.957734', 'latitude': '40.60867'}","{'longitude': '-73.957808', 'latitude': '40.609062'}"
BMT,Brighton,Neck Rd,40.595246,-73.955161,B,Q,,,,,,,,,,Door,YES,,YES,FULL,,False,,True,15th St,Gravesend Neck Rd,NE,40.59502,-73.95512,"{'longitude': '-73.955161', 'latitude': '40.595246'}","{'longitude': '-73.95512', 'latitude': '40.59502'}"
BMT,Brighton,Newkirk Av,40.635082,-73.962793,B,Q,,,,,,,,,,Door,YES,,YES,FULL,,False,,True,Marlborough Rd,Newkirk Ave,SE,40.635034,-73.962736,"{'longitude': '-73.962793', 'latitude': '40.635082'}","{'longitude': '-73.962736', 'latitude': '40.635034'}"
BMT,Brighton,Ocean Parkway,40.576312,-73.968501,Q,,,,,,,,,,,Stair,YES,,YES,FULL,,False,,True,Ocean Pkwy,Brighton Beach Rd,SE,40.576209,-73.967875,"{'longitude': '-73.968501', 'latitude': '40.576312'}","{'longitude': '-73.967875', 'latitude': '40.576209'}"
BMT,Brighton,Parkside Av,40.655292,-73.961495,B,Q,,,,,,,,,,Door,YES,,YES,FULL,,False,,True,Ocean Ave,Parkside Ave,NE,40.655221,-73.961516,"{'longitude': '-73.961495', 'latitude': '40.655292'}","{'longitude': '-73.961516', 'latitude': '40.655221'}"
BMT,Brighton,Prospect Park,40.661614,-73.962246,B,Q,FS,,,,,,,,,Door,YES,,YES,FULL,,True,,True,Ocean Ave,Lincoln Rd,NE,40.660792,-73.962109,"{'longitude': '-73.962246', 'latitude': '40.661614'}","{'longitude': '-73.962109', 'latitude': '40.660792'}"
BMT,Brighton,Sheepshead Bay,40.586896,-73.954155,B,Q,,,,,,,,,,Door,YES,,YES,FULL,,False,,True,15th St,Sheepshead Bay Rd,SE,40.587302,-73.954224,"{'longitude': '-73.954155', 'latitude': '40.586896'}","{'longitude': '-73.954224', 'latitude': '40.587302'}"
BMT,Brighton,Stillwell Av,40.577422,-73.981233,D,F,N,Q,,,,,,,,Stair,YES,,YES,NONE,,True,,True,Stillwell Ave,Surf Ave,NE,40.576241,-73.981077,"{'longitude': '-73.981233', 'latitude': '40.577422'}","{'longitude': '-73.981077', 'latitude': '40.576241'}"
BMT,Brighton,West 8th St,40.576127,-73.975939,F,Q,,,,,,,,,,Ramp,YES,,NO,NONE,,False,,True,,,,40.575752,-73.97674,"{'longitude': '-73.975939', 'latitude': '40.576127'}","{'longitude': '-73.97674', 'latitude': '40.575752'}"
BMT,Broadway,23rd St,40.741303,-73.989344,N,R,,,,,,,,,,Stair,YES,,YES,FULL,,False,,False,Broadway,23rd St,SE,40.74108,-73.989083,"{'longitude': '-73.989344', 'latitude': '40.741303'}","{'longitude': '-73.989083', 'latitude': '40.74108'}"
BMT,Broadway,28th St,40.745494,-73.988691,N,R,,,,,,,,,,Stair,YES,,YES,FULL,,False,,False,Broadway,28th St,SE,40.745089,-73.988472,"{'longitude': '-73.988691', 'latitude': '40.745494'}","{'longitude': '-73.988472', 'latitude': '40.745089'}"
BMT,Broadway,34th St,40.749567,-73.98795,B,D,F,M,N,Q,R,,,,,Stair,YES,,YES,NONE,,True,,True,6th Ave,34th St,SE,40.74959,-73.98762,"{'longitude': '-73.98795', 'latitude': '40.749567'}","{'longitude': '-73.98762', 'latitude': '40.74959'}"
BMT,Broadway,49th St,40.759901,-73.984139,N,Q,R,,,,,,,,,Stair,YES,,YES,FULL,,True,Northbound Only,False,7th Ave,49th St,SW,40.760486,-73.983974,"{'longitude': '-73.984139', 'latitude': '40.759901'}","{'longitude': '-73.983974', 'latitude': '40.760486'}"
BMT,Broadway,57th St,40.764664,-73.980658,N,Q,R,,,,,,,,,Stair,YES,,YES,FULL,,False,,True,7th Ave,57th St,SE,40.765298,-73.980033,"{'longitude': '-73.980658', 'latitude': '40.764664'}","{'longitude': '-73.980033', 'latitude': '40.765298'}"
BMT,Broadway,5th Av,40.764811,-73.973347,N,Q,R,,,,,,,,,Stair,YES,,YES,FULL,,False,,True,5th Ave,60th St,NE,40.764849,-73.972306,"{'longitude': '-73.973347', 'latitude': '40.764811'}","{'longitude': '-73.972306', 'latitude': '40.764849'}"
BMT,Broadway,8th St,40.730328,-73.992629,N,R,,,,,,,,,,Stair,YES,,YES,NONE,,False,,False,Broadway,8th Ave,NW,40.730716,-73.992517,"{'longitude': '-73.992629', 'latitude': '40.730328'}","{'longitude': '-73.992517', 'latitude': '40.730716'}"
BMT,Broadway,Canal St (UL),40.719527,-74.001775,J,N,Q,R,Z,6,,,,,,Stair,YES,,YES,PART,6am-9:40pm everyday,False,,True,Broadway,Canal St,SE,40.719166,-74.001774,"{'longitude': '-74.001775', 'latitude': '40.719527'}","{'longitude': '-74.001774', 'latitude': '40.719166'}"
BMT,Broadway,City Hall,40.713282,-74.006978,R,,,,,,,,,,,Stair,YES,,YES,FULL,,False,,True,Broadway,Warren St,NE,40.713437,-74.00676,"{'longitude': '-74.006978', 'latitude': '40.713282'}","{'longitude': '-74.00676', 'latitude': '40.713437'}"
BMT,Broadway,Cortlandt St,40.710668,-74.011029,R,,,,,,,,,,,Stair,NO,,NO,FULL,,False,,True,Church St,Dey St,SE,40.711065,-74.010644,"{'longitude': '-74.011029', 'latitude': '40.710668'}","{'longitude': '-74.010644', 'latitude': '40.711065'}"
BMT,Broadway,Court St,40.6941,-73.991777,R,2,3,4,5,,,,,,,Stair,YES,,YES,NONE,,False,,True,Clinton St,Montague St,NW,40.694416,-73.992619,"{'longitude': '-73.991777', 'latitude': '40.6941'}","{'longitude': '-73.992619', 'latitude': '40.694416'}"
BMT,Broadway,Lawrence St,40.69218,-73.985942,A,C,F,R,,,,,,,,Stair,YES,,YES,FULL,,False,,True,Lawrence St,Willoughby St,NE,40.692052,-73.986191,"{'longitude': '-73.985942', 'latitude': '40.69218'}","{'longitude': '-73.986191', 'latitude': '40.692052'}"
BMT,Broadway,Lexington Av,40.76266,-73.967258,N,Q,R,4,5,6,,,,,,Stair,YES,,YES,NONE,,False,,True,3rd Ave,60th St,SE,40.761996,-73.966105,"{'longitude': '-73.967258', 'latitude': '40.76266'}","{'longitude': '-73.966105', 'latitude': '40.761996'}"
BMT,Broadway,Prince St,40.724329,-73.997702,N,R,,,,,,,,,,Stair,YES,,YES,FULL,,False,,False,Broadway,Prince St,SE,40.724124,-73.997686,"{'longitude': '-73.997702', 'latitude': '40.724329'}","{'longitude': '-73.997686', 'latitude': '40.724124'}"
BMT,Broadway,Rector St,40.70722,-74.013342,R,,,,,,,,,,,Stair,YES,,YES,FULL,,False,,False,Trinity Pl,Rector St,SE,40.707647,-74.012924,"{'longitude': '-74.013342', 'latitude': '40.70722'}","{'longitude': '-74.012924', 'latitude': '40.707647'}"
BMT,Broadway,Times Square-42nd St,40.754672,-73.986754,A,C,E,N,Q,R,S,1.0,2.0,3.0,7.0,Stair,YES,,YES,NONE,,True,Shuttle not ADA,True,Broadway,40th St,SE,40.754172,-73.98668,"{'longitude': '-73.986754', 'latitude': '40.754672'}","{'longitude': '-73.98668', 'latitude': '40.754172'}"
BMT,Broadway,Union Square,40.735736,-73.990568,L,N,Q,R,4,5,6,,,,,Stair,YES,,YES,FULL,,True,Lex not ADA,True,Broadway,14th St,NE,40.735278,-73.991058,"{'longitude': '-73.990568', 'latitude': '40.735736'}","{'longitude': '-73.991058', 'latitude': '40.735278'}"
BMT,Broadway,Whitehall St,40.703087,-74.012994,R,1,,,,,,,,,,Stair,YES,,YES,NONE,,False,,True,,,,40.704015,-74.013284,"{'longitude': '-74.012994', 'latitude': '40.703087'}","{'longitude': '-74.013284', 'latitude': '40.704015'}"
BMT,Broadway Jamaica,104th St-102nd St,40.695178,-73.84433,J,Z,,,,,,,,,,Stair,YES,,YES,FULL,,False,,True,104th St,Jamaica Ave,SE,40.695033,-73.843298,"{'longitude': '-73.84433', 'latitude': '40.695178'}","{'longitude': '-73.843298', 'latitude': '40.695033'}"
BMT,Broadway Jamaica,111th St,40.697418,-73.836345,J,,,,,,,,,,,Stair,YES,,YES,FULL,,False,,True,111th St,Jamaica Blvd,SE,40.697055,-73.837156,"{'longitude': '-73.836345', 'latitude': '40.697418'}","{'longitude': '-73.837156', 'latitude': '40.697055'}"
BMT,Broadway Jamaica,121st St,40.700492,-73.828294,J,Z,,,,,,,,,,Stair,YES,,YES,FULL,,False,,True,121st St,Jamaica Ave,NW,40.70052,-73.829231,"{'longitude': '-73.828294', 'latitude': '40.700492'}","{'longitude': '-73.829231', 'latitude': '40.70052'}"
BMT,Broadway Jamaica,Alabama Av,40.676992,-73.898654,J,,,,,,,,,,,Stair,YES,,YES,FULL,,False,,True,,,,40.676803,-73.89951,"{'longitude': '-73.898654', 'latitude': '40.676992'}","{'longitude': '-73.89951', 'latitude': '40.676803'}"
BMT,Broadway Jamaica,Chauncey St,40.682893,-73.910456,J,Z,,,,,,,,,,Stair,YES,,YES,FULL,,False,,True,Moffat St,Broadway,SW,40.683417,-73.911242,"{'longitude': '-73.910456', 'latitude': '40.682893'}","{'longitude': '-73.911242', 'latitude': '40.683417'}"
BMT,Broadway Jamaica,Cleveland St,40.679947,-73.884639,J,,,,,,,,,,,Stair,YES,,YES,FULL,,False,,True,Cleveland St,Fulton St,NW,40.679656,-73.885731,"{'longitude': '-73.884639', 'latitude': '40.679947'}","{'longitude': '-73.885731', 'latitude': '40.679656'}"
BMT,Broadway Jamaica,Crescent St,40.683194,-73.873785,J,Z,,,,,,,,,,Stair,YES,,YES,FULL,,False,,True,Pine St,Fulton St,NE,40.683588,-73.8726,"{'longitude': '-73.873785', 'latitude': '40.683194'}","{'longitude': '-73.8726', 'latitude': '40.683588'}"
BMT,Broadway Jamaica,Cypress Hills,40.689941,-73.87255,J,,,,,,,,,,,Stair,YES,,YES,FULL,,False,,True,Crescent St,Jamaica Ave,NE,40.689596,-73.873555,"{'longitude': '-73.87255', 'latitude': '40.689941'}","{'longitude': '-73.873555', 'latitude': '40.689596'}"
BMT,Broadway Jamaica,Elderts Lane-75th St,40.691324,-73.867139,J,Z,,,,,,,,,,Stair,YES,,YES,FULL,,False,,True,75th St,Jamaica,SE,40.691285,-73.866425,"{'longitude': '-73.867139', 'latitude': '40.691324'}","{'longitude': '-73.866425', 'latitude': '40.691285'}"
BMT,Broadway Jamaica,Flushing Av,40.70026,-73.941126,J,M,,,,,,,,,,Stair,YES,,YES,FULL,,True,,True,Flushing Ave,Broadway,NW,40.700847,-73.94171,"{'longitude': '-73.941126', 'latitude': '40.70026'}","{'longitude': '-73.94171', 'latitude': '40.700847'}"
BMT,Broadway Jamaica,Forest Parkway-85th St,40.692435,-73.86001,J,,,,,,,,,,,Stair,YES,,YES,FULL,,False,,True,85th St,Jamaica Ave,NE,40.692666,-73.859098,"{'longitude': '-73.86001', 'latitude': '40.692435'}","{'longitude': '-73.859098', 'latitude': '40.692666'}"
BMT,Broadway Jamaica,Gates Av,40.68963,-73.92227,J,Z,,,,,,,,,,Stair,YES,,YES,FULL,,False,,True,Linden St,Broadway,NW,40.690142,-73.923062,"{'longitude': '-73.92227', 'latitude': '40.68963'}","{'longitude': '-73.923062', 'latitude': '40.690142'}"
BMT,Broadway Jamaica,Halsey St,40.68637,-73.916559,J,,,,,,,,,,,Stair,YES,,YES,FULL,,False,,True,Weirfield St,Broadway,SE,40.685847,-73.915807,"{'longitude': '-73.916559', 'latitude': '40.68637'}","{'longitude': '-73.915807', 'latitude': '40.685847'}"
BMT,Broadway Jamaica,Hewes St,40.70687,-73.953431,J,M,,,,,,,,,,Stair,YES,,YES,FULL,,False,,True,Hooper St,Broadway,NW,40.707248,-73.954326,"{'longitude': '-73.953431', 'latitude': '40.70687'}","{'longitude': '-73.954326', 'latitude': '40.707248'}"
BMT,Broadway Jamaica,Kosciusko St,40.693342,-73.928814,J,,,,,,,,,,,Stair,YES,,YES,FULL,,False,,True,Patchen Ave,Broadway,SW,40.692929,-73.92794,"{'longitude': '-73.928814', 'latitude': '40.693342'}","{'longitude': '-73.92794', 'latitude': '40.692929'}"
BMT,Broadway Jamaica,Lorimer St,40.703869,-73.947408,J,M,,,,,,,,,,Stair,NO,,NO,NONE,,False,,True,Lorimer St,Broadway,NW,40.703454,-73.946536,"{'longitude': '-73.947408', 'latitude': '40.703869'}","{'longitude': '-73.946536', 'latitude': '40.703454'}"
BMT,Broadway Jamaica,Marcy Av,40.708359,-73.957757,J,M,Z,,,,,,,,,Stair,YES,,NO,NONE,,True,,False,Havemeyer St,Broadway,SE,40.708681,-73.958927,"{'longitude': '-73.957757', 'latitude': '40.708359'}","{'longitude': '-73.958927', 'latitude': '40.708681'}"
BMT,Broadway Jamaica,Myrtle Av,40.697207,-73.935657,J,M,Z,,,,,,,,,Stair,YES,,YES,FULL,,False,,True,Broadway,Myrtle Ave,NW,40.696893,-73.935461,"{'longitude': '-73.935657', 'latitude': '40.697207'}","{'longitude': '-73.935461', 'latitude': '40.696893'}"
BMT,Broadway Jamaica,Norwood Av,40.68141,-73.880039,J,Z,,,,,,,,,,Stair,YES,,YES,FULL,,False,,True,Norwood Ave,Fulton St,NE,40.681757,-73.879007,"{'longitude': '-73.880039', 'latitude': '40.68141'}","{'longitude': '-73.879007', 'latitude': '40.681757'}"
BMT,Broadway Jamaica,Van Siclen Av,40.678024,-73.891688,J,Z,,,,,,,,,,Stair,YES,,YES,FULL,,False,,True,Van Siclen,,SE,40.677864,-73.891566,"{'longitude': '-73.891688', 'latitude': '40.678024'}","{'longitude': '-73.891566', 'latitude': '40.677864'}"
BMT,Broadway Jamaica,Woodhaven Blvd,40.693879,-73.851576,J,Z,,,,,,,,,,Stair,YES,,YES,FULL,,False,,True,Woodhaven Blvd,Jamaica Ave,SW,40.693451,-73.852556,"{'longitude': '-73.851576', 'latitude': '40.693879'}","{'longitude': '-73.852556', 'latitude': '40.693451'}"
BMT,Canarsie,1st Av,40.730953,-73.981628,L,,,,,,,,,,,Stair,YES,,YES,NONE,,False,,False,1st Ave,14th St,SE,40.731118,-73.982563,"{'longitude': '-73.981628', 'latitude': '40.730953'}","{'longitude': '-73.982563', 'latitude': '40.731118'}"
BMT,Canarsie,3rd Av,40.732849,-73.986122,L,,,,,,,,,,,Stair,YES,,YES,FULL,,False,,False,3rd Ave,14th St,SE,40.732961,-73.986657,"{'longitude': '-73.986122', 'latitude': '40.732849'}","{'longitude': '-73.986657', 'latitude': '40.732961'}"
BMT,Canarsie,6th Av,40.737335,-73.996786,F,L,M,1,2,3,,,,,,Stair,YES,,YES,NONE,,False,,True,6th Ave,14th St,SE,40.737149,-73.996578,"{'longitude': '-73.996786', 'latitude': '40.737335'}","{'longitude': '-73.996578', 'latitude': '40.737149'}"
BMT,Canarsie,8th Av,40.739777,-74.002578,A,C,E,L,,,,,,,,Stair,YES,,YES,FULL,,True,,True,8th Ave,14th St,SW,40.739734,-74.002804,"{'longitude': '-74.002578', 'latitude': '40.739777'}","{'longitude': '-74.002804', 'latitude': '40.739734'}"
BMT,Canarsie,Bedford Av,40.717304,-73.956872,L,,,,,,,,,,,Stair,YES,,YES,FULL,,False,,True,Bedford Ave,N 7th St,SE,40.717714,-73.957695,"{'longitude': '-73.956872', 'latitude': '40.717304'}","{'longitude': '-73.957695', 'latitude': '40.717714'}"
BMT,Canarsie,Bushwick Av,40.682829,-73.905249,L,,,,,,,,,,,Door,YES,,YES,FULL,,False,,True,De Sales Pl,Bushwick Ave,NW,40.6823,-73.905149,"{'longitude': '-73.905249', 'latitude': '40.682829'}","{'longitude': '-73.905149', 'latitude': '40.6823'}"
BMT,Canarsie,Canarsie - Rockaway Parkway,40.645957,-73.901741,L,,,,,,,,,,,Walkway,YES,,NO,NONE,,True,,True,Glenwood Rd,E 98th St,NW,40.645806,-73.901414,"{'longitude': '-73.901741', 'latitude': '40.645957'}","{'longitude': '-73.901414', 'latitude': '40.645806'}"
BMT,Canarsie,East 105th St,40.650573,-73.899485,L,,,,,,,,,,,Stair,YES,,YES,FULL,,False,,True,Turnbull Ave,E 105th St,SE,40.651278,-73.898862,"{'longitude': '-73.899485', 'latitude': '40.650573'}","{'longitude': '-73.898862', 'latitude': '40.651278'}"
BMT,Canarsie,Graham Av,40.714565,-73.944053,L,,,,,,,,,,,Stair,YES,,YES,FULL,,False,,False,Graham Ave,Metropolitan Ave,SW,40.714613,-73.94457,"{'longitude': '-73.944053', 'latitude': '40.714565'}","{'longitude': '-73.94457', 'latitude': '40.714613'}"
BMT,Canarsie,Grand St,40.711926,-73.94067,L,,,,,,,,,,,Stair,YES,,YES,FULL,,False,,False,Grand St,Bushwick Ave,SE,40.712182,-73.940668,"{'longitude': '-73.94067', 'latitude': '40.711926'}","{'longitude': '-73.940668', 'latitude': '40.712182'}"
BMT,Canarsie,Jefferson St,40.706607,-73.922913,L,,,,,,,,,,,Stair,YES,,YES,FULL,,False,,True,Starr St,Wyckoff Ave,SE,40.705943,-73.922036,"{'longitude': '-73.922913', 'latitude': '40.706607'}","{'longitude': '-73.922036', 'latitude': '40.705943'}"
BMT,Canarsie,Livonia Av,40.664038,-73.900571,L,,,,,,,,,,,Door,YES,,YES,FULL,,False,,True,Van Sinderen Ave,Livonia Ave,SW,40.663742,-73.900522,"{'longitude': '-73.900571', 'latitude': '40.664038'}","{'longitude': '-73.900522', 'latitude': '40.663742'}"
BMT,Canarsie,Montrose Av,40.707739,-73.93985,L,,,,,,,,,,,Stair,YES,,YES,FULL,,False,,True,Montrose Ave,Bushwick Ave,SW,40.707723,-73.940044,"{'longitude': '-73.93985', 'latitude': '40.707739'}","{'longitude': '-73.940044', 'latitude': '40.707723'}"
BMT,Canarsie,Morgan Av,40.706152,-73.933147,L,,,,,,,,,,,Stair,YES,,YES,FULL,,False,,True,Morgan Ave,Harrison Pl,SE,40.706317,-73.931696,"{'longitude': '-73.933147', 'latitude': '40.706152'}","{'longitude': '-73.931696', 'latitude': '40.706317'}"
BMT,Canarsie,New Lots Av,40.658733,-73.899232,L,,,,,,,,,,,Stair,YES,,YES,FULL,,False,,True,Van Sinderen Ave,New Lots Ave,SW,40.659041,-73.899409,"{'longitude': '-73.899232', 'latitude': '40.658733'}","{'longitude': '-73.899409', 'latitude': '40.659041'}"
BMT,Canarsie,Sutter Av,40.669367,-73.901975,L,,,,,,,,,,,Stair,YES,,YES,FULL,,False,,True,LIRR Bay Ridge Divide,Sutter Ave,NW,40.668527,-73.901765,"{'longitude': '-73.901975', 'latitude': '40.669367'}","{'longitude': '-73.901765', 'latitude': '40.668527'}"
BMT,Canarsie,Wilson Av,40.688764,-73.904046,L,,,,,,,,,,,Stair,YES,,YES,FULL,,False,,True,LIRR Bay Ridge Divide,Wilson Ave,NW,40.688805,-73.904741,"{'longitude': '-73.904046', 'latitude': '40.688764'}","{'longitude': '-73.904741', 'latitude': '40.688805'}"
BMT,Franklin,Botanic Gardens,40.670343,-73.959245,FS,2,3,4,5,,,,,,,Stair,YES,,YES,FULL,,False,,True,Franklin Ave,Eastern Pkwy,SW,40.670588,-73.959093,"{'longitude': '-73.959245', 'latitude': '40.670343'}","{'longitude': '-73.959093', 'latitude': '40.670588'}"
BMT,Franklin,Franklin Av,40.680596,-73.955827,A,FS,,,,,,,,,,Door,YES,,YES,FULL,,True,,True,Franklin Ave,Fulton St,SW,40.681051,-73.95584,"{'longitude': '-73.955827', 'latitude': '40.680596'}","{'longitude': '-73.95584', 'latitude': '40.681051'}"
BMT,Franklin,Park Place,40.674772,-73.957624,FS,,,,,,,,,,,Stair,YES,,YES,FULL,,True,,True,Franklin Ave,Park Pl,NW,40.674516,-73.957932,"{'longitude': '-73.957624', 'latitude': '40.674772'}","{'longitude': '-73.957932', 'latitude': '40.674516'}"
BMT,Myrtle,Central Av,40.697857,-73.927397,M,,,,,,,,,,,Stair,YES,,YES,FULL,,False,,True,Myrtle Ave,Cedar St,NW,40.698033,-73.926371,"{'longitude': '-73.927397', 'latitude': '40.697857'}","{'longitude': '-73.926371', 'latitude': '40.698033'}"
BMT,Myrtle,Forest Av,40.704423,-73.903077,M,,,,,,,,,,,Stair,YES,,YES,FULL,,False,,True,Forest Ave,Myrtle Ave,NW,40.704729,-73.902243,"{'longitude': '-73.903077', 'latitude': '40.704423'}","{'longitude': '-73.902243', 'latitude': '40.704729'}"
BMT,Myrtle,Fresh Pond Rd,40.706186,-73.895877,M,,,,,,,,,,,Stair,YES,,YES,FULL,,False,,True,Fresh Pond Rd,67th Ave,SE,40.705955,-73.896232,"{'longitude': '-73.895877', 'latitude': '40.706186'}","{'longitude': '-73.896232', 'latitude': '40.705955'}"
BMT,Myrtle,Knickerbocker Av,40.698664,-73.919711,M,,,,,,,,,,,Stair,YES,,YES,FULL,,False,,True,Myrtle Ave,Greene Ave,NW,40.698717,-73.918655,"{'longitude': '-73.919711', 'latitude': '40.698664'}","{'longitude': '-73.918655', 'latitude': '40.698717'}"
BMT,Myrtle,Metropolitan Av,40.711396,-73.889601,M,,,,,,,,,,,Door,YES,,YES,FULL,,True,,True,69th St,Metropolitan Ave,SW,40.712082,-73.88954,"{'longitude': '-73.889601', 'latitude': '40.711396'}","{'longitude': '-73.88954', 'latitude': '40.712082'}"
BMT,Myrtle,Seneca Av,40.702762,-73.90774,M,,,,,,,,,,,Stair,YES,,YES,FULL,,False,,True,Myrtle Ave,Seneca Ave,NE,40.70278,-73.907515,"{'longitude': '-73.90774', 'latitude': '40.702762'}","{'longitude': '-73.907515', 'latitude': '40.70278'}"
BMT,Nassau,Bowery,40.72028,-73.993915,J,Z,,,,,,,,,,Stair,YES,,YES,FULL,,False,,True,Bowery,Delancey St,SE,40.719977,-73.993576,"{'longitude': '-73.993915', 'latitude': '40.72028'}","{'longitude': '-73.993576', 'latitude': '40.719977'}"
BMT,Nassau,Broad St,40.706476,-74.011056,J,Z,,,,,,,,,,Stair,YES,,YES,NONE,,False,,True,Broad St,Exchange Pl,SE,40.705961,-74.011229,"{'longitude': '-74.011056', 'latitude': '40.706476'}","{'longitude': '-74.011229', 'latitude': '40.705961'}"
BMT,Nassau,Canal St,40.718092,-73.999892,J,N,Q,R,Z,6,,,,,,Stair,YES,,YES,NONE,,False,,True,Centre St,Canal St,SW,40.717823,-74.000326,"{'longitude': '-73.999892', 'latitude': '40.718092'}","{'longitude': '-74.000326', 'latitude': '40.717823'}"
BMT,Nassau,Chambers St,40.713243,-74.003401,J,Z,4,5,6,,,,,,,Stair,YES,,YES,NONE,,False,,True,Centre St,Chambers St,SE,40.712699,-74.004099,"{'longitude': '-74.003401', 'latitude': '40.713243'}","{'longitude': '-74.004099', 'latitude': '40.712699'}"
BMT,Nassau,Essex St,40.718315,-73.987437,F,J,M,Z,,,,,,,,Stair,YES,,YES,FULL,,False,,True,Norfolk St,Delancey St,NE,40.71841,-73.987181,"{'longitude': '-73.987437', 'latitude': '40.718315'}","{'longitude': '-73.987181', 'latitude': '40.71841'}"
BMT,Nassau,Fulton St,40.710374,-74.007582,A,C,J,Z,2,3,4,5.0,,,,Stair,YES,,YES,NONE,,False,,True,John St,Nassau St,NE,40.709507,-74.008295,"{'longitude': '-74.007582', 'latitude': '40.710374'}","{'longitude': '-74.008295', 'latitude': '40.709507'}"
BMT,Sea Beach,18th Av,40.620671,-73.990414,N,,,,,,,,,,,Door,YES,,NO,NONE,,False,,True,17th Ave,64th St,NE,40.621306,-73.991469,"{'longitude': '-73.990414', 'latitude': '40.620671'}","{'longitude': '-73.991469', 'latitude': '40.621306'}"
BMT,Sea Beach,20th Av,40.61741,-73.985026,N,,,,,,,,,,,Door,YES,,YES,FULL,,False,,True,20th Ave,64th St,NE,40.617341,-73.98484,"{'longitude': '-73.985026', 'latitude': '40.61741'}","{'longitude': '-73.98484', 'latitude': '40.617341'}"
BMT,Sea Beach,Bay Parkway-22nd Av,40.611815,-73.981848,N,,,,,,,,,,,Door,YES,,YES,FULL,,False,,True,Bay Pkwy,66th St,SE,40.612989,-73.982084,"{'longitude': '-73.981848', 'latitude': '40.611815'}","{'longitude': '-73.982084', 'latitude': '40.612989'}"
BMT,Sea Beach,Fort Hamilton Parkway,40.631386,-74.005351,N,,,,,,,,,,,Door,YES,,YES,FULL,,False,,True,Fort Hamilton Pkwy,62nd St,NE,40.632179,-74.006658,"{'longitude': '-74.005351', 'latitude': '40.631386'}","{'longitude': '-74.006658', 'latitude': '40.632179'}"
BMT,Sea Beach,New Utrecht Av,40.624842,-73.996353,D,N,,,,,,,,,,Door,YES,,YES,FULL,,False,,True,New Utrecht Ave,62nd St,SE,40.625606,-73.99683,"{'longitude': '-73.996353', 'latitude': '40.624842'}","{'longitude': '-73.99683', 'latitude': '40.625606'}"
BMT,West End,25th Av,40.597704,-73.986829,D,,,,,,,,,,,Stair,YES,,YES,FULL,,False,,True,25th Ave,86th St,SW,40.597952,-73.987442,"{'longitude': '-73.986829', 'latitude': '40.597704'}","{'longitude': '-73.987442', 'latitude': '40.597952'}"
BMT,West End,50th St,40.63626,-73.994791,D,,,,,,,,,,,Stair,YES,,YES,FULL,,False,,True,New Utrecht Ave,50th St,NE,40.636139,-73.994702,"{'longitude': '-73.994791', 'latitude': '40.63626'}","{'longitude': '-73.994702', 'latitude': '40.636139'}"
BMT,West End,55th St,40.631435,-73.995476,D,,,,,,,,,,,Stair,YES,,YES,FULL,,False,,True,New Utrecht Ave,55th St,SE,40.631389,-73.995262,"{'longitude': '-73.995476', 'latitude': '40.631435'}","{'longitude': '-73.995262', 'latitude': '40.631389'}"
BMT,West End,62nd St,40.626472,-73.996895,D,N,,,,,,,,,,Stair,YES,,YES,NONE,,False,,True,14th Ave,61st St,NW,40.627367,-73.996729,"{'longitude': '-73.996895', 'latitude': '40.626472'}","{'longitude': '-73.996729', 'latitude': '40.627367'}"
BMT,West End,71st St,40.619589,-73.998864,D,,,,,,,,,,,Stair,YES,,YES,FULL,,False,,True,New Utrecht Ave,71st St,SW,40.618834,-73.999195,"{'longitude': '-73.998864', 'latitude': '40.619589'}","{'longitude': '-73.999195', 'latitude': '40.618834'}"
BMT,West End,79th St,40.613501,-74.00061,D,,,,,,,,,,,Stair,NO,Yes,NO,NONE,,False,,True,New Utrecht Ave,77th St,NW,40.614054,-74.000585,"{'longitude': '-74.00061', 'latitude': '40.613501'}","{'longitude': '-74.000585', 'latitude': '40.614054'}"
BMT,West End,9th Av,40.646292,-73.994324,D,,,,,,,,,,,Door,YES,,YES,FULL,,False,,True,9th Ave,New Utrecht Ave,NE,40.646337,-73.994489,"{'longitude': '-73.994324', 'latitude': '40.646292'}","{'longitude': '-73.994489', 'latitude': '40.646337'}"
BMT,West End,Bay 50th St,40.588841,-73.983765,D,,,,,,,,,,,Stair,YES,,YES,FULL,,False,,True,Stillwell Ave,Bay 50th St,SE,40.588348,-73.983543,"{'longitude': '-73.983765', 'latitude': '40.588841'}","{'longitude': '-73.983543', 'latitude': '40.588348'}"
BMT,West End,Bay Parkway,40.601875,-73.993728,D,,,,,,,,,,,Stair,YES,,YES,FULL,,False,,True,Bay Pkwy,86th St,NW,40.60215,-73.993948,"{'longitude': '-73.993728', 'latitude': '40.601875'}","{'longitude': '-73.993948', 'latitude': '40.60215'}"
IND,63rd Street,21st St,40.754203,-73.942836,F,,,,,,,,,,,Elevator,YES,,YES,FULL,,True,,True,21st St,41st Ave,NW,40.754322,-73.942374,"{'longitude': '-73.942836', 'latitude': '40.754203'}","{'longitude': '-73.942374', 'latitude': '40.754322'}"
IND,63rd Street,Roosevelt Island,40.759145,-73.95326,F,,,,,,,,,,,Door,YES,,YES,FULL,,True,,True,West Rd,Unnamed St,SE,40.759016,-73.953505,"{'longitude': '-73.95326', 'latitude': '40.759145'}","{'longitude': '-73.953505', 'latitude': '40.759016'}"
IND,6 Avenue,14th St,40.738228,-73.996209,F,L,M,1,2,3,,,,,,Stair,YES,,YES,NONE,,False,,True,6th Ave,14th St,NE,40.737316,-73.996508,"{'longitude': '-73.996209', 'latitude': '40.738228'}","{'longitude': '-73.996508', 'latitude': '40.737316'}"
IND,6 Avenue,2nd Av,40.723402,-73.989938,F,,,,,,,,,,,Stair,YES,,YES,NONE,,False,,True,2nd Ave,Houston St,NW,40.72395,-73.991298,"{'longitude': '-73.989938', 'latitude': '40.723402'}","{'longitude': '-73.991298', 'latitude': '40.72395'}"
IND,6 Avenue,42nd St,40.754222,-73.984569,B,D,F,M,7,,,,,,,Stair,YES,,YES,NONE,,False,,True,6th Ave,40th St,NE,40.753546,-73.984779,"{'longitude': '-73.984569', 'latitude': '40.754222'}","{'longitude': '-73.984779', 'latitude': '40.753546'}"
IND,6 Avenue,47-50th Sts Rockefeller Center,40.758663,-73.981329,B,D,F,M,,,,,,,,Elevator,YES,,YES,FULL,,True,,True,6th Ave,49th St,NW,40.759414,-73.981035,"{'longitude': '-73.981329', 'latitude': '40.758663'}","{'longitude': '-73.981035', 'latitude': '40.759414'}"
IND,6 Avenue,4th Av,40.670272,-73.989779,F,,,,,,,,,,,Door,YES,,YES,FULL,,False,,True,4th Ave,10th St,NW,40.67001,-73.989248,"{'longitude': '-73.989779', 'latitude': '40.670272'}","{'longitude': '-73.989248', 'latitude': '40.67001'}"
IND,6 Avenue,Bergen St,40.686145,-73.990862,F,G,,,,,,,,,,Stair,YES,,YES,NONE,,False,,False,Smith St,Warren St,NE,40.685445,-73.991131,"{'longitude': '-73.990862', 'latitude': '40.686145'}","{'longitude': '-73.991131', 'latitude': '40.685445'}"
IND,6 Avenue,Broadway-Lafayette St,40.725297,-73.996204,B,D,F,M,6,,,,,,,Stair,YES,,YES,NONE,,False,,True,Crosby St,Houston St,NE,40.725344,-73.995612,"{'longitude': '-73.996204', 'latitude': '40.725297'}","{'longitude': '-73.995612', 'latitude': '40.725344'}"
IND,6 Avenue,Carroll St,40.680303,-73.995048,F,G,,,,,,,,,,Stair,YES,,YES,NONE,,False,,True,Smith St,President St,NE,40.680944,-73.994247,"{'longitude': '-73.995048', 'latitude': '40.680303'}","{'longitude': '-73.994247', 'latitude': '40.680944'}"
IND,6 Avenue,Delancey St,40.718611,-73.988114,F,J,M,Z,,,,,,,,Stair,YES,,YES,FULL,,False,,True,Essex St,Delancey St,NW,40.718781,-73.988233,"{'longitude': '-73.988114', 'latitude': '40.718611'}","{'longitude': '-73.988233', 'latitude': '40.718781'}"
IND,6 Avenue,East Broadway,40.713715,-73.990173,F,,,,,,,,,,,Stair,YES,,YES,NONE,,False,,True,Essex St,Canal St,NE,40.714404,-73.989918,"{'longitude': '-73.990173', 'latitude': '40.713715'}","{'longitude': '-73.989918', 'latitude': '40.714404'}"
IND,6 Avenue,Prospect Park-15 St,40.660365,-73.979493,F,,,,,,,,,,,Stair,YES,,YES,FULL,,False,,True,Howard Pl,Windsor Pl,NE,40.659436,-73.979951,"{'longitude': '-73.979493', 'latitude': '40.660365'}","{'longitude': '-73.979951', 'latitude': '40.659436'}"
IND,6 Avenue,Smith-9th St,40.67358,-73.995959,F,G,R,,,,,,,,,Door,YES,,YES,FULL,,False,,True,Smith St,9th St,NE,40.674725,-73.997505,"{'longitude': '-73.995959', 'latitude': '40.67358'}","{'longitude': '-73.997505', 'latitude': '40.674725'}"
IND,6 Avenue,York St,40.699743,-73.986885,F,,,,,,,,,,,Stair,YES,,YES,FULL,,False,,True,Jay St,York St,SW,40.70138,-73.986655,"{'longitude': '-73.986885', 'latitude': '40.699743'}","{'longitude': '-73.986655', 'latitude': '40.70138'}"
IND,8 Avenue,103rd St,40.796092,-73.961454,B,C,,,,,,,,,,Stair,YES,,YES,FULL,,False,,True,Central Park West,103rd St,NW,40.796263,-73.96161,"{'longitude': '-73.961454', 'latitude': '40.796092'}","{'longitude': '-73.96161', 'latitude': '40.796263'}"
IND,8 Avenue,116th St,40.805085,-73.954882,B,C,,,,,,,,,,Stair,YES,,YES,NONE,,False,,False,Frederick Douglass Blvd,116th St,SE,40.804172,-73.955131,"{'longitude': '-73.954882', 'latitude': '40.805085'}","{'longitude': '-73.955131', 'latitude': '40.804172'}"
IND,8 Avenue,125th St,40.811109,-73.952343,A,B,C,D,,,,,,,,Stair,YES,,YES,FULL,,False,,True,Saint Nicholas Ave,125th St,NW,40.811007,-73.952615,"{'longitude': '-73.952343', 'latitude': '40.811109'}","{'longitude': '-73.952615', 'latitude': '40.811007'}"
IND,8 Avenue,135th St,40.817894,-73.947649,B,C,,,,,,,,,,Stair,YES,,YES,NONE,,False,,False,Edgecombe Ave,135th St,NE,40.817188,-73.947665,"{'longitude': '-73.947649', 'latitude': '40.817894'}","{'longitude': '-73.947665', 'latitude': '40.817188'}"
IND,8 Avenue,145th St,40.824783,-73.944216,A,B,C,D,,,,,,,,Stair,YES,,YES,NONE,,False,,True,Saint Nicholas Ave,147th St,NW,40.825622,-73.943796,"{'longitude': '-73.944216', 'latitude': '40.824783'}","{'longitude': '-73.943796', 'latitude': '40.825622'}"
IND,8 Avenue,155th St,40.830518,-73.941514,C,,,,,,,,,,,Stair,YES,,YES,FULL,,False,,True,Saint Nicholas Ave,155th St,NW,40.831106,-73.94155,"{'longitude': '-73.941514', 'latitude': '40.830518'}","{'longitude': '-73.94155', 'latitude': '40.831106'}"
IND,8 Avenue,163rd St - Amsterdam Av,40.836013,-73.939892,C,,,,,,,,,,,Stair,YES,,YES,FULL,,False,,False,Saint Nicholas Ave,161st St,NE,40.835278,-73.939625,"{'longitude': '-73.939892', 'latitude': '40.836013'}","{'longitude': '-73.939625', 'latitude': '40.835278'}"
IND,8 Avenue,168th St - Washington Heights,40.840719,-73.939561,A,C,,,,,,,,,,Stair,YES,,YES,FULL,,True,,True,Saint Nicholas Ave,168th St,SE,40.840741,-73.939252,"{'longitude': '-73.939561', 'latitude': '40.840719'}","{'longitude': '-73.939252', 'latitude': '40.840741'}"
IND,8 Avenue,175th St,40.847391,-73.939704,A,,,,,,,,,,,Stair,YES,,YES,FULL,,True,,True,Fort Washington Ave,177th St,NE,40.847859,-73.939303,"{'longitude': '-73.939704', 'latitude': '40.847391'}","{'longitude': '-73.939303', 'latitude': '40.847859'}"
IND,8 Avenue,181st St,40.851695,-73.937969,A,,,,,,,,,,,Stair,YES,,YES,NONE,,False,,True,Fort Washington Ave,181st St,SE,40.850717,-73.938214,"{'longitude': '-73.937969', 'latitude': '40.851695'}","{'longitude': '-73.938214', 'latitude': '40.850717'}"
IND,8 Avenue,190th St,40.859022,-73.93418,A,,,,,,,,,,,Door,YES,,YES,FULL,,False,,True,Fort Washington Ave,192nd St,NW,40.858899,-73.932702,"{'longitude': '-73.93418', 'latitude': '40.859022'}","{'longitude': '-73.932702', 'latitude': '40.858899'}"
IND,8 Avenue,72nd St,40.775594,-73.97641,B,C,,,,,,,,,,Stair,YES,,YES,FULL,,False,,True,Central Park West,72nd St,SW,40.776217,-73.976247,"{'longitude': '-73.97641', 'latitude': '40.775594'}","{'longitude': '-73.976247', 'latitude': '40.776217'}"
IND,8 Avenue,81st St - Museum of Natural History,40.781433,-73.972143,B,C,,,,,,,,,,Stair,YES,,YES,FULL,,False,,True,Central Park West,81st St,NW,40.782254,-73.971741,"{'longitude': '-73.972143', 'latitude': '40.781433'}","{'longitude': '-73.971741', 'latitude': '40.782254'}"
IND,8 Avenue,96th St,40.791646,-73.964699,B,C,,,,,,,,,,Stair,YES,,YES,NONE,,False,,True,Central Park West,97th St,NW,40.792591,-73.964316,"{'longitude': '-73.964699', 'latitude': '40.791646'}","{'longitude': '-73.964316', 'latitude': '40.792591'}"
IND,8 Avenue,Broadway-Nassau,40.710197,-74.007691,A,C,J,Z,2,3,4,5.0,,,,Easement,YES,,YES,FULL,,False,,True,Broadway,Fulton St,SE,40.710555,-74.008632,"{'longitude': '-74.007691', 'latitude': '40.710197'}","{'longitude': '-74.008632', 'latitude': '40.710555'}"
IND,8 Avenue,Cathedral Parkway-110th St,40.800605,-73.958158,B,C,,,,,,,,,,Stair,YES,,YES,FULL,,False,,True,Frederick Douglass Blvd,109th St,SW,40.800002,-73.958882,"{'longitude': '-73.958158', 'latitude': '40.800605'}","{'longitude': '-73.958882', 'latitude': '40.800002'}"
IND,8 Avenue,Dyckman St-200th St,40.865491,-73.927271,A,,,,,,,,,,,Easement,YES,,YES,FULL,,False,,True,Broadway,Dyckman St,NW,40.865744,-73.927172,"{'longitude': '-73.927271', 'latitude': '40.865491'}","{'longitude': '-73.927172', 'latitude': '40.865744'}"
IND,8 Avenue,High St,40.699337,-73.990531,A,C,J,Z,2,3,4,5.0,,,,Stair,YES,,YES,FULL,,False,,True,Cadman Plaza West,Cranberry St,NW,40.699405,-73.991413,"{'longitude': '-73.990531', 'latitude': '40.699337'}","{'longitude': '-73.991413', 'latitude': '40.699405'}"
IND,8 Avenue,Inwood - 207th St,40.868072,-73.919899,A,,,,,,,,,,,Stair,YES,,YES,FULL,,True,,True,Broadway,207th St,SE,40.867512,-73.92133,"{'longitude': '-73.919899', 'latitude': '40.868072'}","{'longitude': '-73.92133', 'latitude': '40.867512'}"
IND,8 Avenue,Spring St,40.726227,-74.003739,C,E,,,,,,,,,,Stair,YES,,NO,NONE,,False,,True,6th Ave,Vandam St,SW,40.726208,-74.00399,"{'longitude': '-74.003739', 'latitude': '40.726227'}","{'longitude': '-74.00399', 'latitude': '40.726208'}"
IND,8 Avenue,West 4th St,40.732338,-74.000495,A,B,C,D,E,F,M,,,,,Stair,YES,,YES,FULL,,True,,True,6th Ave,West 3rd St,NW,40.731133,-74.001534,"{'longitude': '-74.000495', 'latitude': '40.732338'}","{'longitude': '-74.001534', 'latitude': '40.731133'}"
IND,8 Avenue,World Trade Center,40.712582,-74.009781,A,C,E,2,3,,,,,,,Stair,YES,,YES,FULL,,True,Construction,True,Church St,Park Pl,NE,40.713333,-74.009033,"{'longitude': '-74.009781', 'latitude': '40.712582'}","{'longitude': '-74.009033', 'latitude': '40.713333'}"
IND,Archer Av,Jamaica-Van Wyck,40.702566,-73.816859,E,,,,,,,,,,,Stair,YES,,YES,FULL,,False,,True,Van Wyck Expwy,89th Ave,SW,40.701241,-73.816577,"{'longitude': '-73.816859', 'latitude': '40.702566'}","{'longitude': '-73.816577', 'latitude': '40.701241'}"
IND,Archer Av,Parsons Blvd-Archer Av - Jamaica Center,40.702147,-73.801109,E,J,Z,,,,,,,,,Escalator,YES,,YES,FULL,,True,,True,Parsons Blvd,Archer Ave,SW,40.702311,-73.799991,"{'longitude': '-73.801109', 'latitude': '40.702147'}","{'longitude': '-73.799991', 'latitude': '40.702311'}"
IND,Archer Av,Sutphin Blvd-Archer Av - JFK,40.700486,-73.807969,E,J,Z,,,,,,,,,Stair,YES,,YES,FULL,,True,Check,True,Sutphin Blvd,Archer Ave,SW,40.700401,-73.807976,"{'longitude': '-73.807969', 'latitude': '40.700486'}","{'longitude': '-73.807976', 'latitude': '40.700401'}"
IND,Concourse,167th St,40.833769,-73.918432,B,D,,,,,,,,,,Stair,YES,,YES,FULL,,False,,True,Grand Concourse,167th St,NW,40.834788,-73.917838,"{'longitude': '-73.918432', 'latitude': '40.833769'}","{'longitude': '-73.917838', 'latitude': '40.834788'}"
IND,Concourse,170th St,40.839306,-73.9134,B,D,,,,,,,,,,Stair,YES,,YES,FULL,,False,,True,Grand Concourse,171st St,NW,40.840097,-73.913333,"{'longitude': '-73.9134', 'latitude': '40.839306'}","{'longitude': '-73.913333', 'latitude': '40.840097'}"
IND,Concourse,174-175th Sts,40.8459,-73.910136,B,D,,,,,,,,,,Stair,YES,,YES,NONE,,False,,True,Grand Concourse,175th St,NE,40.846354,-73.909047,"{'longitude': '-73.910136', 'latitude': '40.8459'}","{'longitude': '-73.909047', 'latitude': '40.846354'}"
IND,Concourse,182nd-183rd Sts,40.856093,-73.900741,B,D,,,,,,,,,,Stair,YES,,YES,FULL,,False,,True,Grand Concourse,182nd St,NE,40.856039,-73.900449,"{'longitude': '-73.900741', 'latitude': '40.856093'}","{'longitude': '-73.900449', 'latitude': '40.856039'}"
IND,Concourse,Bedford Park Blvd,40.873244,-73.887138,B,D,,,,,,,,,,Stair,YES,,YES,FULL,,False,,True,Grand Concourse,Bedofrd Park Blvd,NE,40.872135,-73.887459,"{'longitude': '-73.887138', 'latitude': '40.873244'}","{'longitude': '-73.887459', 'latitude': '40.872135'}"
IND,Concourse,Fordham Rd,40.861296,-73.897749,B,D,,,,,,,,,,Stair,YES,,YES,FULL,,False,,True,Grand Concourse,188th St,SW,40.861401,-73.898098,"{'longitude': '-73.897749', 'latitude': '40.861296'}","{'longitude': '-73.898098', 'latitude': '40.861401'}"
IND,Concourse,Kingsbridge Rd,40.866978,-73.893509,B,D,,,,,,,,,,Stair,YES,,YES,NONE,,False,in planning,True,Grand Concourse,Kingsbridge Rd,NE,40.866127,-73.893982,"{'longitude': '-73.893509', 'latitude': '40.866978'}","{'longitude': '-73.893982', 'latitude': '40.866127'}"
IND,Concourse,Norwood-205th St,40.874811,-73.878855,D,,,,,,,,,,,Stair,YES,,YES,NONE,,False,,True,Perry Ave,205th St,SE,40.874021,-73.877501,"{'longitude': '-73.878855', 'latitude': '40.874811'}","{'longitude': '-73.877501', 'latitude': '40.874021'}"
IND,Concourse,Tremont Av,40.85041,-73.905227,B,D,,,,,,,,,,Stair,YES,,YES,FULL,,False,,True,Grand Concourse,Echo Pl,NW,40.850124,-73.905841,"{'longitude': '-73.905227', 'latitude': '40.85041'}","{'longitude': '-73.905841', 'latitude': '40.850124'}"
IND,Concourse,Yankee Stadium-161st St,40.827905,-73.925651,B,D,4,,,,,,,,,Stair,YES,,YES,FULL,,True,,True,River Ave,161st St,NE,40.828011,-73.925588,"{'longitude': '-73.925651', 'latitude': '40.827905'}","{'longitude': '-73.925588', 'latitude': '40.828011'}"
IND,Crosstown,Bedford-Nostrand Avs,40.689627,-73.953522,G,,,,,,,,,,,Stair,YES,,YES,NONE,,False,,True,Bedford Ave,Lafayette Ave,NE,40.689543,-73.954998,"{'longitude': '-73.953522', 'latitude': '40.689627'}","{'longitude': '-73.954998', 'latitude': '40.689543'}"
IND,Crosstown,Classon Av,40.688873,-73.96007,G,,,,,,,,,,,Stair,YES,,YES,FULL,,False,,True,Classon Ave,Lafayette Ave,SE,40.688781,-73.959871,"{'longitude': '-73.96007', 'latitude': '40.688873'}","{'longitude': '-73.959871', 'latitude': '40.688781'}"
IND,Crosstown,Clinton-Washington Avs,40.688089,-73.966839,G,,,,,,,,,,,Stair,NO,,NO,FULL,,False,,True,Washington Ave,Lafayette Ave,SE,40.688157,-73.965579,"{'longitude': '-73.966839', 'latitude': '40.688089'}","{'longitude': '-73.965579', 'latitude': '40.688157'}"
IND,Crosstown,Greenpoint Av,40.731352,-73.954449,G,,,,,,,,,,,Stair,YES,,YES,NONE,,False,,True,Manhattan Ave,India St,SW,40.732216,-73.954784,"{'longitude': '-73.954449', 'latitude': '40.731352'}","{'longitude': '-73.954784', 'latitude': '40.732216'}"
IND,Crosstown,Long Island City-Court Square,40.746554,-73.943832,G,,,,,,,,,,,Stair,NO,,NO,NONE,,False,,True,Court Square,Jackson Ave,SW,40.746243,-73.944011,"{'longitude': '-73.943832', 'latitude': '40.746554'}","{'longitude': '-73.944011', 'latitude': '40.746243'}"
IND,Crosstown,Myrtle-Willoughby Avs,40.694568,-73.949046,G,,,,,,,,,,,Stair,YES,,YES,NONE,,False,,True,Marcy Ave,Myrtle Ave,NE,40.6955,-73.94896,"{'longitude': '-73.949046', 'latitude': '40.694568'}","{'longitude': '-73.94896', 'latitude': '40.6955'}"
IND,Crosstown,Nassau Av,40.724635,-73.951277,G,,,,,,,,,,,Stair,YES,,YES,NONE,,False,,True,Manhattan Ave,Norman Ave,NE,40.725573,-73.951603,"{'longitude': '-73.951277', 'latitude': '40.724635'}","{'longitude': '-73.951603', 'latitude': '40.725573'}"
IND,Culver,Av I,40.625322,-73.976127,F,,,,,,,,,,,Stair,NO,Yes,NO,NONE,,False,,True,McDonald Ave,Avenue J,NW,40.624263,-73.976049,"{'longitude': '-73.976127', 'latitude': '40.625322'}","{'longitude': '-73.976049', 'latitude': '40.624263'}"
IND,Culver,Av N,40.61514,-73.974197,F,,,,,,,,,,,Stair,YES,,YES,NONE,,False,,True,McDonald Ave,Avenue M,SW,40.616121,-73.974507,"{'longitude': '-73.974197', 'latitude': '40.61514'}","{'longitude': '-73.974507', 'latitude': '40.616121'}"
IND,Culver,Av P,40.608944,-73.973022,F,,,,,,,,,,,Stair,YES,,YES,FULL,,False,,True,McDonald Ave,Avenue P,SW,40.608615,-73.973097,"{'longitude': '-73.973022', 'latitude': '40.608944'}","{'longitude': '-73.973097', 'latitude': '40.608615'}"
IND,Culver,Av X,40.58962,-73.97425,F,,,,,,,,,,,Stair,YES,,YES,FULL,,False,,True,McDonald Ave,Avenue X,NW,40.590521,-73.974242,"{'longitude': '-73.97425', 'latitude': '40.58962'}","{'longitude': '-73.974242', 'latitude': '40.590521'}"
IND,Culver,Ditmas Av,40.636119,-73.978172,F,,,,,,,,,,,Stair,YES,,YES,FULL,,False,,True,McDonald Ave,Ditmas Ave,SE,40.635389,-73.977914,"{'longitude': '-73.978172', 'latitude': '40.636119'}","{'longitude': '-73.977914', 'latitude': '40.635389'}"
IND,Culver,Neptune Av-Van Siclen,40.581011,-73.974574,F,,,,,,,,,,,Stair,YES,,YES,FULL,,False,,True,West 6th St,Neptune Ave,NE,40.580576,-73.974443,"{'longitude': '-73.974574', 'latitude': '40.581011'}","{'longitude': '-73.974443', 'latitude': '40.580576'}"
IND,Fulton,Broadway Junction-East New York,40.678334,-73.905316,A,C,J,L,,,,,,,,Door,YES,,YES,FULL,,False,,True,Fulton St,Van Sinderen Ave,SW,40.678334,-73.903922,"{'longitude': '-73.905316', 'latitude': '40.678334'}","{'longitude': '-73.903922', 'latitude': '40.678334'}"
IND,Fulton,Clinton & Washington Avs,40.683263,-73.965838,C,,,,,,,,,,,Stair,YES,,YES,NONE,,False,,False,Washington Ave,Fulton Ave,SE,40.682868,-73.96463,"{'longitude': '-73.965838', 'latitude': '40.683263'}","{'longitude': '-73.96463', 'latitude': '40.682868'}"
IND,Fulton,Euclid Av,40.675377,-73.872106,A,C,,,,,,,,,,Stair,YES,,YES,FULL,,True,,True,Euclid Ave,Pitkin Ave,SE,40.675301,-73.871801,"{'longitude': '-73.872106', 'latitude': '40.675377'}","{'longitude': '-73.871801', 'latitude': '40.675301'}"
IND,Fulton,Hoyt & Schermerhorn,40.688484,-73.985001,A,C,G,,,,,,,,,Stair,YES,,YES,FULL,,False,,True,Bond St,Schermerhorn St,NW,40.688396,-73.984216,"{'longitude': '-73.985001', 'latitude': '40.688484'}","{'longitude': '-73.984216', 'latitude': '40.688396'}"
IND,Fulton,Jay St - Borough Hall,40.692338,-73.987342,A,C,F,R,,,,,,,,Stair,NO,,NO,NONE,,False,,True,Jay St,Willoughby St,NE,40.692397,-73.987162,"{'longitude': '-73.987342', 'latitude': '40.692338'}","{'longitude': '-73.987162', 'latitude': '40.692397'}"
IND,Fulton,Kingston-Throop,40.679921,-73.940858,A,C,,,,,,,,,,Stair,YES,,YES,NONE,,False,,False,Kingston Ave,Fulton St,SE,40.679804,-73.941119,"{'longitude': '-73.940858', 'latitude': '40.679921'}","{'longitude': '-73.941119', 'latitude': '40.679804'}"
IND,Fulton,Lafayette Av,40.686113,-73.973946,C,,,,,,,,,,,Stair,YES,,YES,FULL,,False,,False,Oxford St,Fulton Ave,SW,40.685559,-73.9729,"{'longitude': '-73.973946', 'latitude': '40.686113'}","{'longitude': '-73.9729', 'latitude': '40.685559'}"
IND,Fulton,Liberty Av,40.674542,-73.896548,A,C,,,,,,,,,,Stair,YES,,YES,FULL,,False,,True,Pennsylvania Ave,Liberty Ave,NW,40.67443,-73.896776,"{'longitude': '-73.896548', 'latitude': '40.674542'}","{'longitude': '-73.896776', 'latitude': '40.67443'}"
IND,Fulton,Nostrand Av,40.680438,-73.950426,A,C,,,,,,,,,,Stair,YES,,YES,NONE,,False,,False,Nostrand Ave,Fulton St,SE,40.680228,-73.949414,"{'longitude': '-73.950426', 'latitude': '40.680438'}","{'longitude': '-73.949414', 'latitude': '40.680228'}"
IND,Fulton,Ralph Av,40.678822,-73.920786,A,C,,,,,,,,,,Stair,YES,,YES,FULL,,False,,True,Ralph Ave,Fulton St,SE,40.678702,-73.921552,"{'longitude': '-73.920786', 'latitude': '40.678822'}","{'longitude': '-73.921552', 'latitude': '40.678702'}"
IND,Fulton,Rockaway Av,40.67834,-73.911946,A,C,,,,,,,,,,Stair,YES,,YES,NONE,,False,,True,Rockaway Ave,Fulton St,NE,40.678513,-73.910773,"{'longitude': '-73.911946', 'latitude': '40.67834'}","{'longitude': '-73.910773', 'latitude': '40.678513'}"
IND,Fulton,Shepherd Av,40.67413,-73.88075,A,C,,,,,,,,,,Stair,YES,,YES,FULL,,False,,True,Shepherd Ave,Pitkin Ave,NE,40.674303,-73.880749,"{'longitude': '-73.88075', 'latitude': '40.67413'}","{'longitude': '-73.880749', 'latitude': '40.674303'}"
IND,Fulton,Utica Av,40.679364,-73.930729,A,C,,,,,,,,,,Stair,YES,,YES,NONE,,False,,True,Stuyvesant Ave,Fulton St,NW,40.67953,-73.932021,"{'longitude': '-73.930729', 'latitude': '40.679364'}","{'longitude': '-73.932021', 'latitude': '40.67953'}"
IND,Liberty,104th St-Oxford Av,40.681711,-73.837683,A,,,,,,,,,,,Stair,YES,,YES,FULL,,False,,True,104th St,Liberty Ave,SE,40.681994,-73.836742,"{'longitude': '-73.837683', 'latitude': '40.681711'}","{'longitude': '-73.836742', 'latitude': '40.681994'}"
IND,Liberty,111th St-Greenwood Av,40.684331,-73.832163,A,,,,,,,,,,,Stair,YES,,YES,NONE,,False,,True,109th St,Liberty Ave,SE,40.683972,-73.832816,"{'longitude': '-73.832163', 'latitude': '40.684331'}","{'longitude': '-73.832816', 'latitude': '40.683972'}"
IND,Liberty,80th St-Hudson St,40.679371,-73.858992,A,,,,,,,,,,,Stair,YES,,YES,NONE,,False,,True,77th St,Liberty Ave,NE,40.679361,-73.860284,"{'longitude': '-73.858992', 'latitude': '40.679371'}","{'longitude': '-73.860284', 'latitude': '40.679361'}"
IND,Liberty,88th St-Boyd Av,40.679843,-73.85147,A,,,,,,,,,,,Stair,YES,,YES,FULL,,False,,True,88th St,Liberty Ave,NE,40.679973,-73.850413,"{'longitude': '-73.85147', 'latitude': '40.679843'}","{'longitude': '-73.850413', 'latitude': '40.679973'}"
IND,Liberty,Grant Av,40.677044,-73.86505,A,,,,,,,,,,,Door,YES,,YES,FULL,,False,,True,Grant Ave,Pitkin Ave,NE,40.676735,-73.865491,"{'longitude': '-73.86505', 'latitude': '40.677044'}","{'longitude': '-73.865491', 'latitude': '40.676735'}"
IND,Liberty,Lefferts Blvd,40.685951,-73.825798,A,,,,,,,,,,,Stair,YES,,YES,NONE,,False,,True,116th St,Liberty Ave,NW,40.685868,-73.827107,"{'longitude': '-73.825798', 'latitude': '40.685951'}","{'longitude': '-73.827107', 'latitude': '40.685868'}"
IND,Liberty,Rockaway Blvd,40.680429,-73.843853,A,,,,,,,,,,,Stair,YES,,YES,NONE,,False,,True,97th St,Liberty Ave,NW,40.680611,-73.842537,"{'longitude': '-73.843853', 'latitude': '40.680429'}","{'longitude': '-73.842537', 'latitude': '40.680611'}"
IND,Queens Boulevard,169th St,40.71047,-73.793604,F,,,,,,,,,,,Stair,YES,,YES,FULL,,False,,True,169th St,Hillside Ave,NW,40.71083,-73.793248,"{'longitude': '-73.793604', 'latitude': '40.71047'}","{'longitude': '-73.793248', 'latitude': '40.71083'}"
IND,Queens Boulevard,23rd St-Ely Av,40.747846,-73.946,E,G,M,7,,,,,,,,Easement,YES,,YES,FULL,,False,,True,Hunter St,44th Ave,SW,40.747371,-73.944287,"{'longitude': '-73.946', 'latitude': '40.747846'}","{'longitude': '-73.944287', 'latitude': '40.747371'}"
IND,Queens Boulevard,46th St,40.756312,-73.913333,M,R,,,,,,,,,,Stair,YES,,YES,NONE,,False,,False,48th St,Broadway,SE,40.755813,-73.912642,"{'longitude': '-73.913333', 'latitude': '40.756312'}","{'longitude': '-73.912642', 'latitude': '40.755813'}"
IND,Queens Boulevard,5th Av-53rd St,40.760167,-73.975224,E,M,,,,,,,,,,Easement,YES,,NO,NONE,,False,,True,Madison Ave,53rd St,NE,40.759721,-73.973858,"{'longitude': '-73.975224', 'latitude': '40.760167'}","{'longitude': '-73.973858', 'latitude': '40.759721'}"
IND,Queens Boulevard,63rd Drive-Rego Park,40.729846,-73.861604,M,R,,,,,,,,,,Stair,NO,,NO,NONE,,False,,True,63rd Dr,Queens Blvd,NW,40.730037,-73.861343,"{'longitude': '-73.861604', 'latitude': '40.729846'}","{'longitude': '-73.861343', 'latitude': '40.730037'}"
IND,Queens Boulevard,65th St,40.749669,-73.898453,M,R,,,,,,,,,,Stair,YES,,YES,FULL,,False,,True,65th St,Broadway,NE,40.74933,-73.897382,"{'longitude': '-73.898453', 'latitude': '40.749669'}","{'longitude': '-73.897382', 'latitude': '40.74933'}"
IND,Queens Boulevard,67th Av,40.726523,-73.852719,M,R,,,,,,,,,,Stair,YES,,YES,NONE,,False,,True,67th Dr,Queens Blvd,NW,40.726367,-73.851592,"{'longitude': '-73.852719', 'latitude': '40.726523'}","{'longitude': '-73.851592', 'latitude': '40.726367'}"
IND,Queens Boulevard,75th Av,40.718331,-73.837324,E,F,,,,,,,,,,Stair,YES,,YES,FULL,,False,,False,75th Rd,Queens Blvd,SE,40.717895,-73.836743,"{'longitude': '-73.837324', 'latitude': '40.718331'}","{'longitude': '-73.836743', 'latitude': '40.717895'}"
IND,Queens Boulevard,Briarwood-Van Wyck Blvd,40.709179,-73.820574,F,,,,,,,,,,,Stair,YES,,YES,FULL,,False,,False,Van Wyck Blvd,Queens Blvd,SW,40.708068,-73.820111,"{'longitude': '-73.820574', 'latitude': '40.709179'}","{'longitude': '-73.820111', 'latitude': '40.708068'}"
IND,Queens Boulevard,Elmhurst Av,40.742454,-73.882017,M,R,,,,,,,,,,Stair,YES,,NO,FULL,,False,,False,Elmhurst Ave,Broadway,SW,40.741861,-73.881457,"{'longitude': '-73.882017', 'latitude': '40.742454'}","{'longitude': '-73.881457', 'latitude': '40.741861'}"
IND,Queens Boulevard,Forest Hills-71st Av,40.721691,-73.844521,e,F,M,R,,,,,,,,Stair,YES,,YES,NONE,,False,in planning,True,70th Rd,Queens Blvd,NW,40.722269,-73.845153,"{'longitude': '-73.844521', 'latitude': '40.721691'}","{'longitude': '-73.845153', 'latitude': '40.722269'}"
IND,Queens Boulevard,Grand Av-Newtown,40.737015,-73.877223,M,R,,,,,,,,,,Stair,YES,,YES,FULL,,False,,True,Broadway,Queens Blvd,SE,40.737354,-73.877191,"{'longitude': '-73.877223', 'latitude': '40.737015'}","{'longitude': '-73.877191', 'latitude': '40.737354'}"
IND,Queens Boulevard,Jackson Heights-Roosevelt Ave,40.746644,-73.891338,E,F,M,R,7,,,,,,,Door,YES,,YES,FULL,,True,,True,75th St,Roosevelt Ave,SW,40.746784,-73.890958,"{'longitude': '-73.891338', 'latitude': '40.746644'}","{'longitude': '-73.890958', 'latitude': '40.746784'}"
IND,Queens Boulevard,Jamaica-179th St,40.712646,-73.783817,F,,,,,,,,,,,Stair,YES,,YES,FULL,,True,,True,Midland Pkwy,Hillside Ave,NE,40.713207,-73.782119,"{'longitude': '-73.783817', 'latitude': '40.712646'}","{'longitude': '-73.782119', 'latitude': '40.713207'}"
IND,Queens Boulevard,Kew Gardens-Union Turnpike,40.714441,-73.831008,E,F,,,,,,,,,,Stair,YES,,YES,NONE,,True,,True,Union Tpke,Queens Blvd,NW,40.714929,-73.831501,"{'longitude': '-73.831008', 'latitude': '40.714441'}","{'longitude': '-73.831501', 'latitude': '40.714929'}"
IND,Queens Boulevard,Lexington Av-53rd St,40.757552,-73.969055,E,M,6,,,,,,,,,Easement,YES,,YES,FULL,,True,,True,Lexington Ave,53rd St,NE,40.758329,-73.970567,"{'longitude': '-73.969055', 'latitude': '40.757552'}","{'longitude': '-73.970567', 'latitude': '40.758329'}"
IND,Queens Boulevard,Northern Blvd,40.752885,-73.906006,M,R,,,,,,,,,,Stair,YES,,YES,FULL,,False,,False,54th St,Northern Blvd,NW,40.753086,-73.907119,"{'longitude': '-73.906006', 'latitude': '40.752885'}","{'longitude': '-73.907119', 'latitude': '40.753086'}"
IND,Queens Boulevard,Parsons Blvd,40.707564,-73.803326,F,,,,,,,,,,,Stair,YES,,YES,FULL,,False,,True,Parsons Blvd,Hillside Ave,NW,40.707873,-73.802999,"{'longitude': '-73.803326', 'latitude': '40.707564'}","{'longitude': '-73.802999', 'latitude': '40.707873'}"
IND,Queens Boulevard,Queens Plaza,40.748973,-73.937243,E,M,R,,,,,,,,,Stair,YES,,YES,FULL,,True,,True,Jackson Ave,West St,SW,40.748705,-73.938471,"{'longitude': '-73.937243', 'latitude': '40.748973'}","{'longitude': '-73.938471', 'latitude': '40.748705'}"
IND,Queens Boulevard,Steinway St,40.756879,-73.92074,M,R,,,,,,,,,,Stair,YES,,YES,FULL,,False,,True,Steinway St,Broadway,SW,40.758143,-73.919842,"{'longitude': '-73.92074', 'latitude': '40.756879'}","{'longitude': '-73.919842', 'latitude': '40.758143'}"
IND,Queens Boulevard,Sutphin Blvd,40.70546,-73.810708,F,,,,,,,,,,,Stair,YES,,YES,FULL,,False,,True,Sutphin Blvd,Hillside Ave,NE,40.705945,-73.809489,"{'longitude': '-73.810708', 'latitude': '40.70546'}","{'longitude': '-73.809489', 'latitude': '40.705945'}"
IND,Rockaway,Aqueduct-North Conduit Av,40.668234,-73.834058,A,,,,,,,,,,,Stair,NO,Yes,NO,NONE,,False,,True,99th Pl,Hawtree St,NE,40.669339,-73.834721,"{'longitude': '-73.834058', 'latitude': '40.668234'}","{'longitude': '-73.834721', 'latitude': '40.669339'}"
IND,Rockaway,Aqueduct Racetrack,40.672131,-73.835812,A,,,,,,,,,,,Ramp,NO,,NO,NONE,,False,,False,,,,40.672208,-73.834589,"{'longitude': '-73.835812', 'latitude': '40.672131'}","{'longitude': '-73.834589', 'latitude': '40.672208'}"
IND,Rockaway,Beach 105th St,40.583209,-73.827559,H,,,,,,,,,,,Stair,YES,,YES,FULL,,False,,True,Beach 106th St,Rockaway Frwy,SW,40.583369,-73.827474,"{'longitude': '-73.827559', 'latitude': '40.583209'}","{'longitude': '-73.827474', 'latitude': '40.583369'}"
IND,Rockaway,Beach 25th St,40.600066,-73.761353,A,,,,,,,,,,,Stair,YES,,YES,FULL,,False,,True,Beach 25th St,Rockaway Frwy,SW,40.599427,-73.761807,"{'longitude': '-73.761353', 'latitude': '40.600066'}","{'longitude': '-73.761807', 'latitude': '40.599427'}"
IND,Rockaway,Beach 36th St,40.595398,-73.768175,A,,,,,,,,,,,Stair,YES,,YES,FULL,,False,,True,Beach 35th,Rockaway Frwy,SW,40.595469,-73.767919,"{'longitude': '-73.768175', 'latitude': '40.595398'}","{'longitude': '-73.767919', 'latitude': '40.595469'}"
IND,Rockaway,Beach 44th St,40.592943,-73.776013,A,,,,,,,,,,,Stair,YES,,YES,FULL,,False,,True,Beach 44th St,Edgemere Ave,NW,40.593106,-73.775743,"{'longitude': '-73.776013', 'latitude': '40.592943'}","{'longitude': '-73.775743', 'latitude': '40.593106'}"
IND,Rockaway,Beach 60th St,40.592374,-73.788522,A,,,,,,,,,,,Stair,YES,,YES,FULL,,False,,True,Beach 60th St,Rockaway Frwy,NE,40.592478,-73.78941,"{'longitude': '-73.788522', 'latitude': '40.592374'}","{'longitude': '-73.78941', 'latitude': '40.592478'}"
IND,Rockaway,Beach 67th St,40.590927,-73.796924,A,,,,,,,,,,,Stair,YES,,YES,FULL,,False,,True,Beach 67th St,Rockaway Frwy,SW,40.590951,-73.796176,"{'longitude': '-73.796924', 'latitude': '40.590927'}","{'longitude': '-73.796176', 'latitude': '40.590951'}"
IND,Rockaway,Beach 90th St,40.588034,-73.813641,H,,,,,,,,,,,Stair,YES,,YES,FULL,,False,,True,Beach 89th St,Rockaway Frwy,NW,40.58808,-73.813907,"{'longitude': '-73.813641', 'latitude': '40.588034'}","{'longitude': '-73.813907', 'latitude': '40.58808'}"
IND,Rockaway,Beach 98th St,40.585307,-73.820558,H,,,,,,,,,,,Stair,YES,,YES,FULL,,False,,True,Beach 98th St,Rockaway Frwy,SW,40.585208,-73.820595,"{'longitude': '-73.820558', 'latitude': '40.585307'}","{'longitude': '-73.820595', 'latitude': '40.585208'}"
IND,Rockaway,Broad Channel,40.608382,-73.815925,A,H,,,,,,,,,,Stair,YES,,YES,FULL,,False,,True,West Rd,Noel Rd,NE,40.608007,-73.815967,"{'longitude': '-73.815925', 'latitude': '40.608382'}","{'longitude': '-73.815967', 'latitude': '40.608007'}"
IND,Rockaway,Far Rockaway-Mott Av,40.603995,-73.755405,A,,,,,,,,,,,Door,YES,,YES,FULL,,False,,True,Beach 22nd St,Mott Ave,SW,40.604657,-73.754178,"{'longitude': '-73.755405', 'latitude': '40.603995'}","{'longitude': '-73.754178', 'latitude': '40.604657'}"
IND,Rockaway,Howard Beach,40.660476,-73.830301,A,,,,,,,,,,,Elevator,YES,,YES,FULL,,True,,True,103rd St,159th Ave,NE,40.660486,-73.830453,"{'longitude': '-73.830301', 'latitude': '40.660476'}","{'longitude': '-73.830453', 'latitude': '40.660486'}"
IND,Rockaway,Rockaway Park-Beach 116th,40.580903,-73.835592,H,,,,,,,,,,,Door,YES,,YES,FULL,,True,,True,Beach 116th St,Wainwright Ct,NE,40.58051,-73.837418,"{'longitude': '-73.835592', 'latitude': '40.580903'}","{'longitude': '-73.837418', 'latitude': '40.58051'}"
IRT,42nd St Shuttle,Grand Central,40.752769,-73.979189,GS,4,5,6,7,,,,,,,Easement,YES,,YES,NONE,,True,,True,Vanderbilt Ave,42nd St,SE,40.752279,-73.97828,"{'longitude': '-73.979189', 'latitude': '40.752769'}","{'longitude': '-73.97828', 'latitude': '40.752279'}"
IRT,42nd St Shuttle,Times Square,40.755983,-73.986229,A,C,E,N,Q,R,GS,1.0,2.0,3.0,7.0,Stair,YES,,YES,NONE,,False,,True,Broadway,43rd St,SW,40.756476,-73.986311,"{'longitude': '-73.986229', 'latitude': '40.755983'}","{'longitude': '-73.986311', 'latitude': '40.756476'}"
IRT,Broadway-7th Ave,116th St-Columbia University,40.807722,-73.96411,1,,,,,,,,,,,Stair,NO,Yes,NO,NONE,,False,,True,Broadway,115th St,SE,40.807535,-73.964013,"{'longitude': '-73.96411', 'latitude': '40.807722'}","{'longitude': '-73.964013', 'latitude': '40.807535'}"
IRT,Broadway-7th Ave,137th St-City College,40.822008,-73.953676,1,,,,,,,,,,,Stair,YES,,YES,FULL,,False,,False,Broadway,137th St,NW,40.821584,-73.954223,"{'longitude': '-73.953676', 'latitude': '40.822008'}","{'longitude': '-73.954223', 'latitude': '40.821584'}"
IRT,Broadway-7th Ave,157th St,40.834041,-73.94489,1,,,,,,,,,,,Stair,YES,,YES,FULL,,False,,False,Broadway,157th St,NW,40.834221,-73.945073,"{'longitude': '-73.94489', 'latitude': '40.834041'}","{'longitude': '-73.945073', 'latitude': '40.834221'}"
IRT,Broadway-7th Ave,168th St,40.840556,-73.940133,A,C,1,,,,,,,,,Stair,NO,Yes,NO,NONE,,False,,True,Broadway,168th St,SE,40.840717,-73.93972,"{'longitude': '-73.940133', 'latitude': '40.840556'}","{'longitude': '-73.93972', 'latitude': '40.840717'}"
IRT,Broadway-7th Ave,18th St,40.74104,-73.997871,1,,,,,,,,,,,Stair,YES,,YES,NONE,,False,,False,7th Ave,18th St,NW,40.741206,-73.998035,"{'longitude': '-73.997871', 'latitude': '40.74104'}","{'longitude': '-73.998035', 'latitude': '40.741206'}"
IRT,Broadway-7th Ave,191st St,40.855225,-73.929412,1,,,,,,,,,,,Ramp,YES,,YES,FULL,,False,,True,Broadway,190th St,NE,40.856413,-73.932605,"{'longitude': '-73.929412', 'latitude': '40.855225'}","{'longitude': '-73.932605', 'latitude': '40.856413'}"
IRT,Broadway-7th Ave,207th St,40.864614,-73.918819,1,,,,,,,,,,,Stair,YES,,YES,FULL,,False,,False,10th Ave,207th St,NW,40.864745,-73.918864,"{'longitude': '-73.918819', 'latitude': '40.864614'}","{'longitude': '-73.918864', 'latitude': '40.864745'}"
IRT,Broadway-7th Ave,215th St,40.869444,-73.915279,1,,,,,,,,,,,Stair,YES,,YES,FULL,,False,,False,10th Ave,215th St,NW,40.869793,-73.91517,"{'longitude': '-73.915279', 'latitude': '40.869444'}","{'longitude': '-73.91517', 'latitude': '40.869793'}"
IRT,Broadway-7th Ave,231st St,40.878856,-73.904834,1,,,,,,,,,,,Stair,YES,,NO,NONE,,True,,False,Broadway,231st St,SE,40.878694,-73.904821,"{'longitude': '-73.904834', 'latitude': '40.878856'}","{'longitude': '-73.904821', 'latitude': '40.878694'}"
IRT,Broadway-7th Ave,238th St,40.884667,-73.90087,1,,,,,,,,,,,Stair,YES,,YES,FULL,,False,,False,Broadway,238th St,SW,40.884813,-73.900923,"{'longitude': '-73.90087', 'latitude': '40.884667'}","{'longitude': '-73.900923', 'latitude': '40.884813'}"
IRT,Broadway-7th Ave,59th St-Columbus Circle,40.768247,-73.981929,A,B,C,D,1,,,,,,,Stair,YES,,YES,NONE,,True,,True,Columbus Circle,59th St,SE,40.769365,-73.982392,"{'longitude': '-73.981929', 'latitude': '40.768247'}","{'longitude': '-73.982392', 'latitude': '40.769365'}"
IRT,Broadway-7th Ave,66th St-Lincoln Center,40.77344,-73.982209,1,,,,,,,,,,,Elevator,YES,,YES,NONE,,True,,True,Broadway,66th St,SE,40.773536,-73.982006,"{'longitude': '-73.982209', 'latitude': '40.77344'}","{'longitude': '-73.982006', 'latitude': '40.773536'}"
IRT,Broadway-7th Ave,Christopher St,40.733422,-74.002906,1,,,,,,,,,,,Stair,YES,,YES,NONE,,False,,False,7th Ave,Christopher St,NW,40.733634,-74.003123,"{'longitude': '-74.002906', 'latitude': '40.733422'}","{'longitude': '-74.003123', 'latitude': '40.733634'}"
IRT,Broadway-7th Ave,Dyckman St,40.860531,-73.925536,1,,,,,,,,,,,Stair,YES,,YES,FULL,,False,,True,Hillside Ave,Nagle Ave,SW,40.861183,-73.92511,"{'longitude': '-73.925536', 'latitude': '40.860531'}","{'longitude': '-73.92511', 'latitude': '40.861183'}"
IRT,Broadway-7th Ave,Franklin St,40.719318,-74.006886,1,,,,,,,,,,,Stair,YES,,YES,NONE,,False,,False,Varick St,Franklin St,SW,40.718965,-74.007121,"{'longitude': '-74.006886', 'latitude': '40.719318'}","{'longitude': '-74.007121', 'latitude': '40.718965'}"
IRT,Broadway-7th Ave,Houston St,40.728251,-74.005367,1,,,,,,,,,,,Stair,YES,,YES,NONE,,False,,False,Varick St,Houston St,NW,40.728686,-74.005517,"{'longitude': '-74.005367', 'latitude': '40.728251'}","{'longitude': '-74.005517', 'latitude': '40.728686'}"
IRT,Broadway-7th Ave,Marble Hill-225th St,40.874561,-73.909831,1,,,,,,,,,,,Stair,YES,,NO,NONE,,False,,False,Broadway,225th St,SE,40.874308,-73.909795,"{'longitude': '-73.909831', 'latitude': '40.874561'}","{'longitude': '-73.909795', 'latitude': '40.874308'}"
IRT,Broadway-7th Ave,South Ferry,40.702068,-74.013664,R,1,,,,,,,,,,Elevator,YES,,YES,FULL,,True,,True,,,,40.702033,-74.013149,"{'longitude': '-74.013664', 'latitude': '40.702068'}","{'longitude': '-74.013149', 'latitude': '40.702033'}"
IRT,Broadway-7th Ave,Van Cortlandt Park-242nd St,40.889248,-73.898583,1,,,,,,,,,,,Stair,YES,,YES,FULL,,False,,True,Broadway,242nd St,NW,40.889783,-73.898432,"{'longitude': '-73.898583', 'latitude': '40.889248'}","{'longitude': '-73.898432', 'latitude': '40.889783'}"
IRT,Clark,Borough Hall,40.693219,-73.989998,R,2,3,4,5,,,,,,,Elevator,YES,,YES,FULL,,True,,True,Court Street,Montague Street,SE,40.693594,-73.990304,"{'longitude': '-73.989998', 'latitude': '40.693219'}","{'longitude': '-73.990304', 'latitude': '40.693594'}"
IRT,Clark,Clark St,40.697466,-73.993086,2,3,,,,,,,,,,Door,YES,,YES,FULL,,False,,True,Clark St,Henry St,NW,40.69759,-73.993275,"{'longitude': '-73.993086', 'latitude': '40.697466'}","{'longitude': '-73.993275', 'latitude': '40.69759'}"
IRT,Clark,Wall St,40.706821,-74.0091,2,3,,,,,,,,,,Easement,YES,,YES,NONE,,False,,True,William St,Cedar St,NW,40.707431,-74.008778,"{'longitude': '-74.0091', 'latitude': '40.706821'}","{'longitude': '-74.008778', 'latitude': '40.707431'}"
IRT,Dyre Av,Baychester Av,40.878663,-73.838591,5,,,,,,,,,,,Door,YES,,YES,PART,,False,,True,Baychester Ave,Tillotson Ave,NW,40.879519,-73.837958,"{'longitude': '-73.838591', 'latitude': '40.878663'}","{'longitude': '-73.837958', 'latitude': '40.879519'}"
IRT,Dyre Av,Eastchester-Dyre Av,40.8883,-73.830834,5,,,,,,,,,,,Door,YES,,YES,PART,,False,,True,Dyre Ave,Light St,NE,40.88798,-73.831195,"{'longitude': '-73.830834', 'latitude': '40.8883'}","{'longitude': '-73.831195', 'latitude': '40.88798'}"
IRT,Dyre Av,Gun Hill Rd,40.869526,-73.846384,5,,,,,,,,,,,Easement,NO,Yes,NO,NONE,,False,,True,,,,40.870039,-73.845724,"{'longitude': '-73.846384', 'latitude': '40.869526'}","{'longitude': '-73.845724', 'latitude': '40.870039'}"
IRT,Dyre Av,Morris Park,40.854364,-73.860495,5,,,,,,,,,,,Door,YES,,YES,PART,,False,,True,Esplanade,Paulding Ave,W,40.854544,-73.860248,"{'longitude': '-73.860495', 'latitude': '40.854364'}","{'longitude': '-73.860248', 'latitude': '40.854544'}"
IRT,Dyre Av,Pelham Parkway,40.858985,-73.855359,5,,,,,,,,,,,Door,YES,,YES,PART,,False,,True,Esplanade,Laconia Ave,NE,40.858804,-73.855515,"{'longitude': '-73.855359', 'latitude': '40.858985'}","{'longitude': '-73.855515', 'latitude': '40.858804'}"
IRT,Eastern Parkway,Eastern Parkway-Brooklyn Museum,40.671987,-73.964375,2,3,,,,,,,,,,Stair,YES,,YES,FULL,,False,,True,Washington Ave,Eastern Pkwy,NW,40.672122,-73.964154,"{'longitude': '-73.964375', 'latitude': '40.671987'}","{'longitude': '-73.964154', 'latitude': '40.672122'}"
IRT,Eastern Parkway,Grand Army Plaza,40.675235,-73.971046,2,3,,,,,,,,,,Stair,YES,,YES,FULL,,False,,True,Flatbush Ave,Plaza Street West,NW,40.675142,-73.971216,"{'longitude': '-73.971046', 'latitude': '40.675235'}","{'longitude': '-73.971216', 'latitude': '40.675142'}"
IRT,Eastern Parkway,Hoyt St,40.690545,-73.985065,2,3,,,,,,,,,,Stair,YES,,NO,NONE,,False,,False,Elm Pl,Fulton St,SW,40.690025,-73.984248,"{'longitude': '-73.985065', 'latitude': '40.690545'}","{'longitude': '-73.984248', 'latitude': '40.690025'}"
IRT,Eastern Parkway,Kingston Av,40.669399,-73.942161,3,,,,,,,,,,,Stair,YES,,YES,FULL,,False,,True,Kingston Ave,Eastern Pkwy,SE,40.669261,-73.941948,"{'longitude': '-73.942161', 'latitude': '40.669399'}","{'longitude': '-73.941948', 'latitude': '40.669261'}"
IRT,Eastern Parkway,Nevins St,40.688246,-73.980492,2,3,4,5,,,,,,,,Stair,YES,,YES,NONE,,False,,False,Flatbush Ave,Livingston St,NE,40.688243,-73.980356,"{'longitude': '-73.980492', 'latitude': '40.688246'}","{'longitude': '-73.980356', 'latitude': '40.688243'}"
IRT,Flushing,34 St Hudson Yards,40.755882,-74.00191,7,,,,,,,,,,,Stair,YES,,YES,FULL,,True,,True,34th St,Hudson Boulevard (East),SW,40.754937,-74.000961,"{'longitude': '-74.00191', 'latitude': '40.755882'}","{'longitude': '-74.000961', 'latitude': '40.754937'}"
IRT,Flushing,45 Rd-Court House Sq,40.747023,-73.945264,E,G,M,7,,,,,,,,Stair,YES,,YES,FULL,,False,,True,23rd St,45th Rd,SE,40.74613,-73.945349,"{'longitude': '-73.945264', 'latitude': '40.747023'}","{'longitude': '-73.945349', 'latitude': '40.74613'}"
IRT,Flushing,82nd St-Jackson Heights,40.747659,-73.883697,7,,,,,,,,,,,Stair,YES,,YES,FULL,,False,,True,82nd St,Roosevelt Ave,NW,40.747797,-73.884028,"{'longitude': '-73.883697', 'latitude': '40.747659'}","{'longitude': '-73.884028', 'latitude': '40.747797'}"
IRT,Flushing,90th St Elmhurst,40.748408,-73.876613,7,,,,,,,,,,,Stair,YES,,YES,FULL,,False,,True,90th St,Roosevelt Ave,NE,40.74859,-73.876461,"{'longitude': '-73.876613', 'latitude': '40.748408'}","{'longitude': '-73.876461', 'latitude': '40.74859'}"
IRT,Flushing,Bliss St-46th St,40.743132,-73.918435,7,,,,,,,,,,,Stair,YES,,YES,NONE,,False,,True,47th St,Queens Blvd,NW,40.743134,-73.917895,"{'longitude': '-73.918435', 'latitude': '40.743132'}","{'longitude': '-73.917895', 'latitude': '40.743134'}"
IRT,Flushing,Broadway-74th St,40.746848,-73.891394,E,F,M,R,7,,,,,,,Stair,YES,,YES,NONE,,True,,True,74th St,Roosevelt Ave,NE,40.747025,-73.891413,"{'longitude': '-73.891394', 'latitude': '40.746848'}","{'longitude': '-73.891413', 'latitude': '40.747025'}"
IRT,Flushing,Fisk Av-69th St,40.746325,-73.896403,7,,,,,,,,,,,Stair,YES,,YES,FULL,,False,,True,69th St,Roosevelt Ave,SW,40.746148,-73.896396,"{'longitude': '-73.896403', 'latitude': '40.746325'}","{'longitude': '-73.896396', 'latitude': '40.746148'}"
IRT,Flushing,Flushing-Main St,40.7596,-73.83003,7,,,,,,,,,,,Escalator,YES,,YES,PART,6am-2pm everyday,True,,True,Main St,Roosevelt Ave,NE,40.760004,-73.82863,"{'longitude': '-73.83003', 'latitude': '40.7596'}","{'longitude': '-73.82863', 'latitude': '40.760004'}"
IRT,Flushing,Grand Central-42nd St,40.751431,-73.976041,GS,4,5,6,7,,,,,,,Easement,YES,,YES,NONE,,True,,True,3rd Ave,42nd St,SW,40.750851,-73.975078,"{'longitude': '-73.976041', 'latitude': '40.751431'}","{'longitude': '-73.975078', 'latitude': '40.750851'}"
IRT,Flushing,Hunters Point,40.742216,-73.948916,7,,,,,,,,,,,Stair,YES,,YES,FULL,,False,,True,21st St,49th Ave,NE,40.742422,-73.948195,"{'longitude': '-73.948916', 'latitude': '40.742216'}","{'longitude': '-73.948195', 'latitude': '40.742422'}"
IRT,Flushing,Junction Blvd,40.749145,-73.869527,7,,,,,,,,,,,Stair,YES,,YES,FULL,,True,,True,Junction Blvd,Roosevelt Ave,NE,40.749266,-73.86922,"{'longitude': '-73.869527', 'latitude': '40.749145'}","{'longitude': '-73.86922', 'latitude': '40.749266'}"
IRT,Flushing,Lincoln Av-52nd St,40.744149,-73.912549,7,,,,,,,,,,,Stair,YES,,YES,FULL,,False,,True,52nd St,Roosevelt Ave,SW,40.743933,-73.913003,"{'longitude': '-73.912549', 'latitude': '40.744149'}","{'longitude': '-73.913003', 'latitude': '40.743933'}"
IRT,Flushing,Lowery St-40th St,40.743781,-73.924016,7,,,,,,,,,,,Stair,YES,,YES,FULL,,False,,True,40th St,Queens Blvd,SE,40.74371,-73.924161,"{'longitude': '-73.924016', 'latitude': '40.743781'}","{'longitude': '-73.924161', 'latitude': '40.74371'}"
IRT,Flushing,Mets - Willets Point,40.754622,-73.845625,7,,,,,,,,,,,Stair,YES,,YES,FULL,,False,,True,126th St,Roosevelt Ave,NW,40.754768,-73.845598,"{'longitude': '-73.845625', 'latitude': '40.754622'}","{'longitude': '-73.845598', 'latitude': '40.754768'}"
IRT,Flushing,Queensboro Plaza,40.750582,-73.940202,N,Q,7,,,,,,,,,Stair,YES,,YES,FULL,,False,,True,Queens Plaza South,27th St,SW,40.750302,-73.940245,"{'longitude': '-73.940202', 'latitude': '40.750582'}","{'longitude': '-73.940245', 'latitude': '40.750302'}"
IRT,Flushing,Rawson St-33rd St,40.744587,-73.930997,7,,,,,,,,,,,Stair,YES,,YES,NONE,,False,,True,34th St,Queens Blvd,NW,40.744658,-73.930865,"{'longitude': '-73.930997', 'latitude': '40.744587'}","{'longitude': '-73.930865', 'latitude': '40.744658'}"
IRT,Flushing,Vernon Blvd-Jackson Av,40.742626,-73.953581,7,,,,,,,,,,,Stair,NO,Yes,NO,NONE,,False,,False,Jackson Ave,50th Ave,SW,40.742432,-73.953156,"{'longitude': '-73.953581', 'latitude': '40.742626'}","{'longitude': '-73.953156', 'latitude': '40.742432'}"
IRT,Flushing,Woodside Av-61st St,40.74563,-73.902984,7,,,,,,,,,,,Stair,YES,,YES,FULL,,True,,True,61st St,Roosevelt Ave,NE,40.745717,-73.903063,"{'longitude': '-73.902984', 'latitude': '40.74563'}","{'longitude': '-73.903063', 'latitude': '40.745717'}"
IRT,Jerome,138th St,40.813224,-73.929849,4,5,,,,,,,,,,Stair,YES,,YES,FULL,,False,,True,Grand Concourse,East 138th Street,NE,40.813091,-73.929689,"{'longitude': '-73.929849', 'latitude': '40.813224'}","{'longitude': '-73.929689', 'latitude': '40.813091'}"
IRT,Jerome,149th St-Grand Concourse,40.818375,-73.927351,2,4,5,,,,,,,,,Stair,YES,,YES,NONE,,False,,True,Grand Concourse,149th St,SW,40.818259,-73.927659,"{'longitude': '-73.927351', 'latitude': '40.818375'}","{'longitude': '-73.927659', 'latitude': '40.818259'}"
IRT,Jerome,176th St,40.84848,-73.911794,4,,,,,,,,,,,Stair,YES,,YES,FULL,,False,,True,Jerome Ave,176th St,NW,40.848385,-73.912003,"{'longitude': '-73.911794', 'latitude': '40.84848'}","{'longitude': '-73.912003', 'latitude': '40.848385'}"
IRT,Jerome,183rd St,40.858407,-73.903879,4,,,,,,,,,,,Stair,YES,,YES,FULL,,False,,True,Jerome Ave,183rd St,NW,40.858477,-73.904088,"{'longitude': '-73.903879', 'latitude': '40.858407'}","{'longitude': '-73.904088', 'latitude': '40.858477'}"
IRT,Jerome,Bedford Park Blvd-Lehman College,40.873412,-73.890064,4,,,,,,,,,,,Stair,YES,,YES,FULL,,False,,True,Jerome Ave,Bedford Park Blvd,SW,40.873528,-73.889754,"{'longitude': '-73.890064', 'latitude': '40.873412'}","{'longitude': '-73.889754', 'latitude': '40.873528'}"
IRT,Jerome,Burnside Av,40.853453,-73.907684,4,,,,,,,,,,,Stair,YES,,YES,FULL,,False,,True,Jerome Ave,Burnside Ave,SW,40.85367,-73.907654,"{'longitude': '-73.907684', 'latitude': '40.853453'}","{'longitude': '-73.907654', 'latitude': '40.85367'}"
IRT,Jerome,Mosholu Parkway,40.87975,-73.884655,4,,,,,,,,,,,Stair,YES,,YES,FULL,,False,,True,Jerome Ave,Mosholu Pkwy,SW,40.880077,-73.88447,"{'longitude': '-73.884655', 'latitude': '40.87975'}","{'longitude': '-73.88447', 'latitude': '40.880077'}"
IRT,Jerome,Mt Eden Av,40.844434,-73.914685,4,,,,,,,,,,,Stair,YES,,YES,FULL,,False,,True,Jerome Ave,Mt Eden Ave,NE,40.844389,-73.914578,"{'longitude': '-73.914685', 'latitude': '40.844434'}","{'longitude': '-73.914578', 'latitude': '40.844389'}"
IRT,Jerome,Woodlawn,40.886037,-73.878751,4,,,,,,,,,,,Stair,YES,,YES,FULL,,False,,True,Jerome Ave,Bainbridge Ave,SW,40.886819,-73.878376,"{'longitude': '-73.878751', 'latitude': '40.886037'}","{'longitude': '-73.878376', 'latitude': '40.886819'}"
IRT,Lenox,110th St-Central Park North,40.799075,-73.951822,2,3,,,,,,,,,,Stair,YES,,YES,FULL,,False,,True,St Nicholas Ave,Central Park North,NW,40.798497,-73.952672,"{'longitude': '-73.951822', 'latitude': '40.799075'}","{'longitude': '-73.952672', 'latitude': '40.798497'}"
IRT,Lenox,Harlem-148th St,40.82388,-73.93647,3,,,,,,,,,,,Door,YES,,YES,FULL,,False,,True,Adam C. Powell Blvd,149th St,NE,40.824069,-73.936981,"{'longitude': '-73.93647', 'latitude': '40.82388'}","{'longitude': '-73.936981', 'latitude': '40.824069'}"
IRT,Lexington,110th St,40.79502,-73.94425,6,,,,,,,,,,,Stair,YES,,YES,NONE,,False,,False,Lexington Ave,110th St,SE,40.794682,-73.944319,"{'longitude': '-73.94425', 'latitude': '40.79502'}","{'longitude': '-73.944319', 'latitude': '40.794682'}"
IRT,Lexington,14th St-Union Square,40.734673,-73.989951,L,N,Q,R,4,5,6,,,,,Easement,YES,,YES,NONE,,False,,True,4th Ave,15th St,SW,40.735184,-73.989793,"{'longitude': '-73.989951', 'latitude': '40.734673'}","{'longitude': '-73.989793', 'latitude': '40.735184'}"
IRT,Lexington,33rd St,40.746081,-73.982076,6,,,,,,,,,,,Stair,YES,,YES,NONE,,False,,False,Park Ave,32nd St,SW,40.745723,-73.982531,"{'longitude': '-73.982076', 'latitude': '40.746081'}","{'longitude': '-73.982531', 'latitude': '40.745723'}"
IRT,Lexington,51st St,40.757107,-73.97192,E,M,6,,,,,,,,,Stair,YES,,YES,FULL,,True,,True,Lexington Ave,51st St,NW,40.757293,-73.972108,"{'longitude': '-73.97192', 'latitude': '40.757107'}","{'longitude': '-73.972108', 'latitude': '40.757293'}"
IRT,Lexington,68th St-Hunter College,40.768141,-73.96387,6,,,,,,,,,,,Stair,YES,,YES,FULL,,False,,True,Lexington Ave,68th St,NE,40.767863,-73.963898,"{'longitude': '-73.96387', 'latitude': '40.768141'}","{'longitude': '-73.963898', 'latitude': '40.767863'}"
IRT,Lexington,Astor Place,40.730054,-73.99107,6,,,,,,,,,,,Stair,YES,,YES,FULL,,False,,False,4th Ave,East 8th St,NE,40.730084,-73.990838,"{'longitude': '-73.99107', 'latitude': '40.730054'}","{'longitude': '-73.990838', 'latitude': '40.730084'}"
IRT,Lexington,Bleecker St,40.725915,-73.994659,B,D,F,M,6,,,,,,,Stair,YES,,YES,NONE,,False,,False,Lafayette St,Bleecker St,NW,40.726047,-73.994759,"{'longitude': '-73.994659', 'latitude': '40.725915'}","{'longitude': '-73.994759', 'latitude': '40.726047'}"
IRT,Lexington,Bowling Green,40.704817,-74.014065,4,5,,,,,,,,,,Stair,YES,,YES,NONE,,True,,True,Broadway,Battery Pl,NW,40.704795,-74.014454,"{'longitude': '-74.014065', 'latitude': '40.704817'}","{'longitude': '-74.014454', 'latitude': '40.704795'}"
IRT,Lexington,Brooklyn Bridge-City Hall,40.713065,-74.004131,J,Z,4,5,6,,,,,,,Stair,YES,,YES,NONE,,True,,True,Centre St,Reade St,NW,40.713839,-74.003864,"{'longitude': '-74.004131', 'latitude': '40.713065'}","{'longitude': '-74.003864', 'latitude': '40.713839'}"
IRT,New Lots,Junius St,40.663515,-73.902447,3,,,,,,,,,,,Stair,YES,,YES,FULL,,False,,True,Powell St,Livonia Ave,SW,40.663361,-73.903063,"{'longitude': '-73.902447', 'latitude': '40.663515'}","{'longitude': '-73.903063', 'latitude': '40.663361'}"
IRT,New Lots,Pennsylvania Av,40.664635,-73.894895,3,,,,,,,,,,,Stair,YES,,YES,FULL,,False,,True,Pennsylvania Ave,Livonia Ave,NE,40.664869,-73.893779,"{'longitude': '-73.894895', 'latitude': '40.664635'}","{'longitude': '-73.893779', 'latitude': '40.664869'}"
IRT,New Lots,Saratoga Av,40.661453,-73.916327,3,,,,,,,,,,,Stair,YES,,YES,FULL,,False,,True,Saratoga Ave,Livonia Ave,SE,40.661558,-73.915225,"{'longitude': '-73.916327', 'latitude': '40.661453'}","{'longitude': '-73.915225', 'latitude': '40.661558'}"
IRT,Nostrand,Flatbush Av-Brooklyn College,40.632836,-73.947642,2,5,,,,,,,,,,Stair,YES,,YES,NONE,,True,,True,Nostrand Ave,Flatbush Ave,NW,40.63327,-73.947929,"{'longitude': '-73.947642', 'latitude': '40.632836'}","{'longitude': '-73.947929', 'latitude': '40.63327'}"
IRT,Nostrand,President St,40.667883,-73.950683,2,5,,,,,,,,,,Stair,YES,,YES,FULL,,False,,True,Nostrand Ave,President St,NW,40.668166,-73.950862,"{'longitude': '-73.950683', 'latitude': '40.667883'}","{'longitude': '-73.950862', 'latitude': '40.668166'}"
IRT,Nostrand,Sterling St,40.662742,-73.95085,2,5,,,,,,,,,,Stair,YES,,YES,FULL,,False,,True,Nostrand Ave,Sterling St,NW,40.66329,-73.951044,"{'longitude': '-73.95085', 'latitude': '40.662742'}","{'longitude': '-73.951044', 'latitude': '40.66329'}"
IRT,Nostrand,Winthrop St,40.656652,-73.9502,2,5,,,,,,,,,,Stair,YES,,NO,NONE,,False,,False,Nostrand Ave,Parkside Ave,SW,40.656171,-73.950346,"{'longitude': '-73.9502', 'latitude': '40.656652'}","{'longitude': '-73.950346', 'latitude': '40.656171'}"
IRT,Pelham,138th St-3rd Ave,40.810476,-73.926138,6,,,,,,,,,,,Stair,YES,,YES,FULL,,False,,True,Alexander Ave,138th St,NW,40.810241,-73.925267,"{'longitude': '-73.926138', 'latitude': '40.810476'}","{'longitude': '-73.925267', 'latitude': '40.810241'}"
IRT,Pelham,Brook Av,40.807566,-73.91924,6,,,,,,,,,,,Stair,YES,,YES,FULL,,False,,False,Brook Ave,138th St,NW,40.807747,-73.919347,"{'longitude': '-73.91924', 'latitude': '40.807566'}","{'longitude': '-73.919347', 'latitude': '40.807747'}"
IRT,Pelham,Buhre Av,40.84681,-73.832569,6,,,,,,,,,,,Stair,YES,,YES,FULL,,False,,False,Edison Ave,Westchester Ave,NE,40.847185,-73.832264,"{'longitude': '-73.832569', 'latitude': '40.84681'}","{'longitude': '-73.832264', 'latitude': '40.847185'}"
IRT,Pelham,Castle Hill Av,40.834255,-73.851222,6,,,,,,,,,,,Stair,YES,,YES,FULL,,False,,True,Castle Hill Ave,Westchester Ave,SW,40.834093,-73.851857,"{'longitude': '-73.851222', 'latitude': '40.834255'}","{'longitude': '-73.851857', 'latitude': '40.834093'}"
IRT,Pelham,Cypress Av,40.805368,-73.914042,6,,,,,,,,,,,Stair,YES,,YES,FULL,,False,,False,Cypress Ave,138th St,NE,40.805234,-73.913391,"{'longitude': '-73.914042', 'latitude': '40.805368'}","{'longitude': '-73.913391', 'latitude': '40.805234'}"
IRT,Pelham,East 143rd St-St Mary's St,40.808719,-73.907657,6,,,,,,,,,,,Stair,YES,,YES,FULL,,False,,False,Southern Blvd,St Mary's St,SW,40.808179,-73.908065,"{'longitude': '-73.907657', 'latitude': '40.808719'}","{'longitude': '-73.908065', 'latitude': '40.808179'}"
IRT,Pelham,East 149th St,40.812118,-73.904098,6,,,,,,,,,,,Stair,YES,,YES,NONE,,False,,False,Southern Blvd,149th St,NE,40.812027,-73.903869,"{'longitude': '-73.904098', 'latitude': '40.812118'}","{'longitude': '-73.903869', 'latitude': '40.812027'}"
IRT,Pelham,Elder Av,40.828584,-73.879159,6,,,,,,,,,,,Stair,YES,,YES,FULL,,False,,True,Elder Ave,Westchester Ave,NE,40.828688,-73.879018,"{'longitude': '-73.879159', 'latitude': '40.828584'}","{'longitude': '-73.879018', 'latitude': '40.828688'}"
IRT,Pelham,Hunts Point Av,40.820948,-73.890549,6,,,,,,,,,,,Stair,YES,,YES,FULL,,False,in planning,True,Hunts Point Ave,163rd St,SE,40.820819,-73.890442,"{'longitude': '-73.890549', 'latitude': '40.820948'}","{'longitude': '-73.890442', 'latitude': '40.820819'}"
IRT,Pelham,Longwood Av,40.816104,-73.896435,6,,,,,,,,,,,Stair,YES,,YES,NONE,,False,,False,Southern Blvd,Longwood Ave,NE,40.816367,-73.895924,"{'longitude': '-73.896435', 'latitude': '40.816104'}","{'longitude': '-73.895924', 'latitude': '40.816367'}"
IRT,Pelham,Middletown Rd,40.843863,-73.836322,6,,,,,,,,,,,Stair,YES,,YES,FULL,,False,,True,Westchester Ave,Middletown Rd,NE,40.843609,-73.836478,"{'longitude': '-73.836322', 'latitude': '40.843863'}","{'longitude': '-73.836478', 'latitude': '40.843609'}"
IRT,Pelham,Morrison Av-Soundview Av,40.829521,-73.874516,6,,,,,,,,,,,Stair,YES,,YES,FULL,,False,,True,Morrison Ave,Westchester Ave,SW,40.829371,-73.874731,"{'longitude': '-73.874516', 'latitude': '40.829521'}","{'longitude': '-73.874731', 'latitude': '40.829371'}"
IRT,Pelham,Parkchester-East 177th St,40.833226,-73.860816,6,,,,,,,,,,,Stair,YES,,YES,FULL,,False,,True,Metropolitan Ave,Westchester Ave,NW,40.833225,-73.860888,"{'longitude': '-73.860816', 'latitude': '40.833226'}","{'longitude': '-73.860888', 'latitude': '40.833225'}"
IRT,Pelham,Pelham Bay Park,40.852462,-73.828121,6,,,,,,,,,,,Stair,YES,,YES,FULL,,True,,True,Burr Ave,Westchester Ave,SE,40.852824,-73.827035,"{'longitude': '-73.828121', 'latitude': '40.852462'}","{'longitude': '-73.827035', 'latitude': '40.852824'}"
IRT,Pelham,St Lawrence Av,40.831509,-73.867618,6,,,,,,,,,,,Stair,YES,,YES,FULL,,False,,True,St Lawrence Ave,Westchester Ave,SW,40.831466,-73.86741,"{'longitude': '-73.867618', 'latitude': '40.831509'}","{'longitude': '-73.86741', 'latitude': '40.831466'}"
IRT,Pelham,Westchester Square-East Tremont Av,40.839892,-73.842952,6,,,,,,,,,,,Stair,YES,,YES,FULL,,False,,True,Westchester Ave,Ferris Pl,SW,40.840128,-73.842875,"{'longitude': '-73.842952', 'latitude': '40.839892'}","{'longitude': '-73.842875', 'latitude': '40.840128'}"
IRT,Pelham,Whitlock Av,40.826525,-73.886283,6,,,,,,,,,,,Stair,YES,,YES,FULL,,False,,True,Whitlock Ave,Westchester Ave,SW,40.827298,-73.886256,"{'longitude': '-73.886283', 'latitude': '40.826525'}","{'longitude': '-73.886256', 'latitude': '40.827298'}"
IRT,Pelham,Zerega Av,40.836488,-73.847036,6,,,,,,,,,,,Stair,YES,,YES,FULL,,False,,True,Westchester Ave,Zerega Ave,NW,40.836954,-73.846653,"{'longitude': '-73.847036', 'latitude': '40.836488'}","{'longitude': '-73.846653', 'latitude': '40.836954'}"
IRT,White Plains Road,149th St-3rd Av,40.816109,-73.917757,2,5,,,,,,,,,,Stair,YES,,YES,FULL,,True,,False,Melrose Ave,149th St,NW,40.816242,-73.917934,"{'longitude': '-73.917757', 'latitude': '40.816109'}","{'longitude': '-73.917934', 'latitude': '40.816242'}"
IRT,White Plains Road,174th St,40.837288,-73.887734,2,5,,,,,,,,,,Stair,YES,,YES,NONE,,False,,False,Boston Rd,174th St,SE,40.837241,-73.88756,"{'longitude': '-73.887734', 'latitude': '40.837288'}","{'longitude': '-73.88756', 'latitude': '40.837241'}"
IRT,White Plains Road,219th St,40.883895,-73.862633,2,5,,,,,,,,,,Stair,YES,,YES,FULL,,False,,True,White Plains Rd,219th St,SE,40.883439,-73.862743,"{'longitude': '-73.862633', 'latitude': '40.883895'}","{'longitude': '-73.862743', 'latitude': '40.883439'}"
IRT,White Plains Road,225th St,40.888022,-73.860341,2,5,,,,,,,,,,Stair,YES,,YES,FULL,,False,,True,White Plains Rd,225th St,NW,40.887972,-73.860517,"{'longitude': '-73.860341', 'latitude': '40.888022'}","{'longitude': '-73.860517', 'latitude': '40.887972'}"
IRT,White Plains Road,233rd St,40.893193,-73.857473,2,5,,,,,,,,,,Stair,YES,,YES,FULL,,True,,True,White Plains Rd,233rd St,NW,40.893597,-73.857405,"{'longitude': '-73.857473', 'latitude': '40.893193'}","{'longitude': '-73.857405', 'latitude': '40.893597'}"
IRT,White Plains Road,238th St-Nereid Av,40.898379,-73.854376,2,5,,,,,,,,,,Stair,YES,,YES,FULL,,False,,True,White Plains Rd,Nereid Ave,NW,40.89862,-73.854316,"{'longitude': '-73.854376', 'latitude': '40.898379'}","{'longitude': '-73.854316', 'latitude': '40.89862'}"
IRT,White Plains Road,Allerton Av,40.865462,-73.867352,2,5,,,,,,,,,,Stair,YES,,YES,FULL,,False,,True,White Plains Rd,Allerton Ave,NW,40.865605,-73.867476,"{'longitude': '-73.867352', 'latitude': '40.865462'}","{'longitude': '-73.867476', 'latitude': '40.865605'}"
IRT,White Plains Road,Bronx Park East,40.848828,-73.868457,2,5,,,,,,,,,,Stair,YES,,YES,FULL,,False,,True,Birchall Ave,Sagamore St,NW,40.849169,-73.868356,"{'longitude': '-73.868457', 'latitude': '40.848828'}","{'longitude': '-73.868356', 'latitude': '40.849169'}"
IRT,White Plains Road,Burke Av,40.871356,-73.867164,2,5,,,,,,,,,,Stair,YES,,YES,FULL,,False,,True,White Plains,Burke Ave,SE,40.871215,-73.867043,"{'longitude': '-73.867164', 'latitude': '40.871356'}","{'longitude': '-73.867043', 'latitude': '40.871215'}"
IRT,White Plains Road,East 180th St,40.841894,-73.873488,2,5,,,,,,,,,,Door,YES,,YES,FULL,,False,,True,Morris Park Ave,180th St,NW,40.841453,-73.872892,"{'longitude': '-73.873488', 'latitude': '40.841894'}","{'longitude': '-73.872892', 'latitude': '40.841453'}"
IRT,White Plains Road,East Tremont Av-West Farms Sq,40.840295,-73.880049,2,5,,,,,,,,,,Stair,YES,,YES,FULL,,False,,True,Boston Rd,E Tremont Ave,NE,40.840354,-73.879833,"{'longitude': '-73.880049', 'latitude': '40.840295'}","{'longitude': '-73.879833', 'latitude': '40.840354'}"
IRT,White Plains Road,Freeman St,40.829993,-73.891865,2,5,,,,,,,,,,Stair,YES,,YES,NONE,,False,,False,Southern Blvd,Freeman St,SE,40.830074,-73.891486,"{'longitude': '-73.891865', 'latitude': '40.829993'}","{'longitude': '-73.891486', 'latitude': '40.830074'}"
IRT,White Plains Road,Intervale Av,40.822181,-73.896736,2,5,,,,,,,,,,Escalator,YES,,YES,FULL,,False,,True,Intervale Ave,Westchester Ave,NE,40.8224,-73.896508,"{'longitude': '-73.896736', 'latitude': '40.822181'}","{'longitude': '-73.896508', 'latitude': '40.8224'}"
IRT,White Plains Road,Jackson Av,40.81649,-73.907807,2,5,,,,,,,,,,Stair,YES,,YES,FULL,,False,,False,Jackson Ave,Westchester Ave,NE,40.816589,-73.907893,"{'longitude': '-73.907807', 'latitude': '40.81649'}","{'longitude': '-73.907893', 'latitude': '40.816589'}"
IRT,White Plains Road,Simpson St,40.824073,-73.893064,2,5,,,,,,,,,,Stair,YES,,YES,FULL,,True,,False,Westchester Ave,Simpson St,NW,40.824177,-73.893114,"{'longitude': '-73.893064', 'latitude': '40.824073'}","{'longitude': '-73.893114', 'latitude': '40.824177'}"
IRT,White Plains Road,Wakefield-241st St,40.903125,-73.85062,2,5,,,,,,,,,,Stair,YES,,YES,FULL,,False,,True,White Plains Rd,241st St,SE,40.903283,-73.850321,"{'longitude': '-73.85062', 'latitude': '40.903125'}","{'longitude': '-73.850321', 'latitude': '40.903283'}"
